Rk,Player,Pos,Age,Tm,G,GS,MP,FG,FGA,FGP,TH,THA,THP,TW,TWA,TWP,eFGP,FT,FTA,FTP,ORB,DRB,TRB,AST,STL,BLK,TOV,PF,PTS,FA
1,Stephen Curry,PG,27,GSW,53,53,33.8,10.0,19.6,.508,4.9,10.8,.455,5.1,8.8,.574,.633,4.9,5.4,.909,0.9,4.4,5.3,6.6,2.2,0.2,3.3,2.0,29.8,0
2,James Harden,SG,26,HOU,57,57,37.4,8.3,19.2,.429,2.8,7.9,.349,5.5,11.3,.486,.501,9.0,10.4,.866,0.8,5.6,6.4,7.0,1.6,0.6,4.5,2.8,28.3,0
3,Kevin Durant,SF,27,OKC,49,49,36.0,9.6,18.8,.507,2.5,6.3,.392,7.1,12.5,.565,.573,6.2,6.9,.893,0.6,7.3,7.9,4.5,0.9,1.2,3.2,1.8,27.7,1
4,DeMarcus Cousins,C,25,SAC,46,46,34.4,9.3,20.5,.452,1.2,3.3,.362,8.1,17.2,.469,.481,7.5,10.3,.728,2.3,9.0,11.3,3.1,1.3,1.4,3.8,3.7,27.3,0
5,Damian Lillard,PG,25,POR,50,50,36.0,8.5,19.9,.427,3.1,8.2,.372,5.4,11.6,.466,.504,5.1,5.9,.862,0.7,3.6,4.2,7.2,1.1,0.3,3.3,2.4,25.1,0
6,LeBron James,SF,31,CLE,54,54,35.9,9.5,18.9,.501,1.0,3.8,.272,8.4,15.1,.559,.528,4.8,6.6,.721,1.2,6.0,7.2,6.6,1.4,0.7,3.1,1.9,24.8,1
7,Anthony Davis,PF,22,NOP,50,50,35.7,9.2,18.2,.503,0.5,1.6,.305,8.7,16.6,.523,.517,5.2,6.9,.746,2.2,8.1,10.3,1.9,1.3,2.2,2.0,2.4,24.0,0
8,Russell Westbrook,PG,27,OKC,56,56,34.3,8.5,18.5,.460,1.2,4.0,.296,7.3,14.5,.506,.492,5.8,7.1,.823,1.8,5.8,7.5,10.2,2.3,0.3,4.1,2.5,24.0,0
9,Paul George,PF,25,IND,56,56,35.5,7.4,18.0,.412,2.8,7.2,.384,4.6,10.8,.431,.489,5.8,6.8,.855,0.9,6.2,7.1,4.1,1.8,0.3,3.6,3.0,23.4,0
10,DeMar DeRozan,SG,26,TOR,55,55,36.1,7.9,17.7,.443,0.6,1.9,.337,7.2,15.8,.456,.461,7.0,8.4,.837,0.8,3.5,4.3,4.0,1.0,0.3,2.3,2.1,23.3,1
11,Blake Griffin,PF,26,LAC,30,30,34.9,9.4,18.4,.508,0.2,0.6,.353,9.2,17.9,.513,.514,4.3,5.9,.725,1.6,7.0,8.7,5.0,0.7,0.6,2.4,2.8,23.2,0
12,Jimmy Butler,SG,26,CHI,48,48,37.9,7.4,16.2,.458,1.1,3.3,.331,6.3,12.9,.491,.492,6.4,7.7,.827,1.1,4.1,5.2,4.3,1.7,0.6,2.0,1.9,22.4,0
13,Carmelo Anthony,SF,31,NYK,51,51,35.0,7.6,17.7,.430,1.3,4.0,.327,6.3,13.7,.461,.467,5.1,6.2,.816,1.4,6.5,8.0,4.2,0.9,0.5,2.5,2.4,21.6,0
14,Isaiah Thomas,PG,26,BOS,58,55,32.4,7.0,16.6,.422,2.0,5.7,.348,5.0,10.9,.460,.481,5.6,6.3,.898,0.5,2.4,2.9,6.8,1.2,0.1,2.7,2.2,21.6,0
15,Klay Thompson,SG,25,GSW,53,53,32.9,7.8,16.7,.469,3.2,7.8,.418,4.6,8.9,.514,.567,2.7,3.2,.852,0.4,3.4,3.8,2.2,0.6,0.6,1.8,2.0,21.6,0
16,C.J. McCollum,SG,24,POR,55,55,35.0,8.2,18.3,.449,2.5,6.1,.408,5.7,12.2,.470,.517,2.1,2.7,.803,0.6,3.0,3.6,4.3,1.2,0.3,2.4,2.4,21.1,0
17,Kyle Lowry,PG,29,TOR,55,55,36.8,6.7,15.5,.429,2.7,7.0,.390,3.9,8.5,.461,.518,5.0,5.8,.859,0.8,4.2,5.0,6.4,2.1,0.5,2.9,2.7,21.0,0
18,Kemba Walker,PG,25,CHO,54,54,35.9,7.1,16.7,.428,2.0,5.4,.369,5.1,11.3,.456,.487,4.5,5.3,.849,0.8,3.6,4.4,5.0,1.8,0.6,2.3,1.3,20.7,0
19,Andrew Wiggins,SG,20,MIN,56,56,35.1,7.3,16.4,.447,0.6,2.3,.254,6.7,14.1,.478,.465,5.5,7.4,.746,1.5,2.1,3.6,1.9,0.8,0.6,2.1,2.2,20.7,0
20,Brook Lopez,C,27,BRK,57,57,33.8,8.2,16.1,.509,0.0,0.1,.125,8.2,15.9,.513,.510,4.2,5.4,.781,2.9,5.4,8.3,1.7,0.8,1.8,2.3,3.0,20.6,0
21,Eric Bledsoe,PG,26,PHO,31,31,34.2,7.2,15.9,.453,1.5,4.2,.372,5.6,11.7,.482,.502,4.5,5.5,.802,0.6,3.5,4.0,6.1,2.0,0.6,3.5,2.4,20.4,0
22,Kawhi Leonard,SF,24,SAS,51,51,32.5,7.4,14.4,.510,1.8,3.7,.482,5.5,10.7,.520,.573,3.7,4.2,.875,1.3,5.4,6.7,2.5,1.8,0.9,1.5,1.7,20.2,0
23,Gordon Hayward,SF,25,UTA,56,56,36.2,6.5,14.9,.436,1.8,5.1,.357,4.7,9.9,.477,.496,5.2,6.3,.823,0.8,4.3,5.1,3.6,1.2,0.3,2.6,2.3,20.1,0
24,Danilo Gallinari,SF,27,DEN,51,51,34.8,5.4,13.2,.411,1.7,4.6,.365,3.8,8.6,.435,.474,7.2,8.3,.876,0.9,4.3,5.2,2.5,0.8,0.4,1.4,1.6,19.8,0
25,John Wall,PG,25,WAS,55,55,35.9,7.4,17.4,.423,1.5,4.4,.350,5.8,13.0,.448,.468,3.5,4.4,.783,0.6,4.1,4.7,9.8,2.0,0.8,4.1,2.1,19.8,0
26,Brandon Knight,SG,24,PHO,42,41,36.3,7.4,17.3,.424,2.1,6.2,.333,5.3,11.1,.475,.484,2.9,3.4,.847,0.6,3.1,3.7,5.1,1.3,0.3,3.5,2.4,19.7,0
27,Chris Paul,PG,30,LAC,51,51,33.0,7.0,15.3,.460,1.6,4.3,.382,5.4,11.0,.490,.513,3.8,4.3,.886,0.5,3.3,3.9,9.5,2.1,0.2,2.7,2.7,19.5,0
28,Reggie Jackson,PG,25,DET,56,56,31.0,7.2,16.2,.445,1.6,4.1,.381,5.6,12.1,.467,.493,3.4,4.1,.838,0.8,2.6,3.4,6.1,0.8,0.1,2.7,2.2,19.4,0
29,Chris Bosh,PF,31,MIA,53,53,33.5,6.8,14.5,.467,1.5,4.2,.365,5.2,10.3,.508,.520,4.0,5.1,.795,0.9,6.5,7.4,2.4,0.7,0.6,1.5,1.9,19.1,0
30,Kyrie Irving,PG,23,CLE,29,29,29.4,7.3,15.9,.459,1.3,4.2,.301,6.0,11.6,.516,.499,2.9,3.3,.876,0.9,2.0,2.9,4.3,1.0,0.2,1.9,1.9,18.8,0
31,Dwyane Wade,SG,34,MIA,51,50,30.4,7.2,16.0,.451,0.1,0.7,.206,7.1,15.4,.462,.455,4.1,5.3,.767,1.3,2.8,4.1,4.7,1.0,0.5,2.7,1.5,18.7,1
32,Bradley Beal,SG,22,WAS,34,20,31.1,6.9,14.9,.463,2.0,5.1,.399,4.9,9.8,.497,.532,2.5,3.3,.743,0.7,2.8,3.5,2.9,0.9,0.3,2.1,2.3,18.3,1
33,Rudy Gay,SF,29,SAC,48,48,33.8,7.0,14.8,.473,1.1,3.2,.357,5.9,11.6,.505,.512,2.8,3.5,.794,1.5,5.2,6.7,1.8,1.3,0.8,1.9,2.7,18.0,0
34,Khris Middleton,SG,24,MIL,57,57,36.4,6.1,14.5,.423,1.9,4.8,.401,4.2,9.7,.434,.489,3.6,4.2,.867,0.6,3.2,3.8,4.1,1.4,0.2,2.2,2.5,17.8,0
35,Paul Millsap,PF,30,ATL,57,57,32.6,6.3,13.2,.477,0.9,2.8,.323,5.4,10.4,.519,.512,4.2,5.5,.760,2.5,6.2,8.6,3.3,1.8,1.4,2.4,2.9,17.7,0
36,Nikola Vucevic,C,25,ORL,52,51,32.2,7.9,15.9,.499,0.0,0.1,.143,7.9,15.7,.502,.500,1.6,2.1,.766,2.9,6.2,9.1,2.9,0.8,1.1,1.9,2.6,17.5,0
37,Dirk Nowitzki,PF,37,DAL,51,51,31.1,6.3,14.2,.441,1.7,4.4,.388,4.6,9.8,.464,.501,3.2,3.6,.890,0.7,5.9,6.6,1.6,0.7,0.7,1.0,2.0,17.4,1
38,Jahlil Okafor,C,20,PHI,50,45,30.2,7.4,14.8,.500,0.0,0.1,.000,7.4,14.7,.503,.500,2.6,3.7,.688,2.4,4.9,7.2,1.2,0.4,1.2,2.4,2.7,17.4,0
39,Karl-Anthony Towns,C,20,MIN,57,57,30.5,7.1,13.3,.536,0.4,1.0,.364,6.8,12.4,.550,.549,2.6,3.1,.848,2.9,7.4,10.2,1.6,0.6,1.8,2.1,3.0,17.3,0
40,Kobe Bryant,SF,37,LAL,48,48,29.2,5.9,16.8,.350,1.9,7.1,.273,4.0,9.7,.407,.408,3.4,4.3,.804,0.8,3.5,4.3,3.3,0.9,0.2,2.1,1.9,17.1,1
41,Pau Gasol,C,35,CHI,52,52,32.0,6.8,14.2,.476,0.3,0.8,.415,6.4,13.4,.480,.488,3.2,4.0,.808,2.2,8.6,10.8,3.5,0.6,2.0,2.0,2.0,17.1,1
42,LaMarcus Aldridge,PF,30,SAS,52,52,29.8,6.8,13.6,.503,0.0,0.3,.000,6.8,13.3,.513,.503,3.3,3.8,.845,2.5,5.8,8.3,1.4,0.3,1.0,1.3,2.2,16.9,0
43,Andre Drummond,C,22,DET,57,57,33.8,7.1,13.6,.519,0.0,0.1,.333,7.0,13.5,.521,.521,2.8,7.8,.359,4.9,9.9,14.9,0.8,1.6,1.5,2.1,3.2,16.9,1
44,Derrick Favors,PF,24,UTA,39,37,32.3,6.8,13.1,.521,0.0,0.1,.000,6.8,13.0,.523,.521,3.2,4.6,.702,2.9,5.5,8.5,1.6,1.2,1.4,1.7,2.7,16.8,0
45,Ryan Anderson,PF,27,NOP,54,6,30.7,5.9,13.6,.431,2.1,5.4,.383,3.8,8.3,.463,.507,2.8,3.2,.869,1.8,3.9,5.8,1.1,0.6,0.4,1.4,1.6,16.6,1
46,Marc Gasol,C,31,MEM,52,52,34.4,6.3,13.6,.464,0.0,0.1,.667,6.3,13.5,.463,.465,3.9,4.7,.829,1.1,5.8,7.0,3.8,1.0,1.3,2.3,2.7,16.6,0
47,Greg Monroe,C,25,MIL,55,50,30.5,6.7,12.8,.520,0.0,0.0,.000,6.7,12.8,.520,.520,3.2,4.2,.747,3.0,6.6,9.6,2.3,1.0,0.9,1.7,2.1,16.5,0
48,J.J. Redick,SG,31,LAC,52,52,28.3,5.5,11.5,.478,2.6,5.5,.481,2.9,6.1,.476,.593,2.8,3.3,.871,0.1,1.6,1.7,1.4,0.5,0.0,1.1,1.8,16.5,0
49,Derrick Rose,PG,27,CHI,48,48,32.2,6.8,16.1,.419,0.6,2.3,.269,6.1,13.9,.444,.438,2.4,3.0,.810,0.7,2.9,3.7,4.8,0.6,0.3,2.7,1.5,16.5,0
50,Giannis Antetokounmpo,SF,21,MIL,55,54,34.9,6.2,12.2,.507,0.3,1.3,.229,5.9,10.9,.539,.519,3.5,4.7,.750,1.5,5.9,7.4,2.9,1.1,1.2,2.5,3.4,16.2,0
51,Kevin Love,PF,27,CLE,54,54,32.2,5.4,12.8,.423,2.1,5.6,.364,3.4,7.1,.469,.503,3.2,3.9,.811,2.1,8.3,10.4,2.4,0.9,0.6,1.8,2.0,16.1,0
52,Will Barton,SG,25,DEN,57,1,28.6,5.6,12.6,.448,1.5,4.1,.369,4.1,8.5,.487,.508,2.7,3.2,.840,0.8,5.2,6.1,2.4,0.9,0.5,1.6,1.9,15.5,0
53,Jordan Clarkson,SG,23,LAL,56,56,32.3,6.1,13.5,.450,1.2,3.1,.371,4.9,10.3,.473,.493,2.3,2.8,.792,1.2,2.8,4.0,2.6,1.1,0.1,1.8,2.3,15.5,1
54,Jrue Holiday,PG,25,NOP,50,14,26.5,5.8,13.4,.435,1.1,3.5,.322,4.7,9.8,.476,.478,2.6,3.3,.810,0.5,2.5,3.0,5.7,1.2,0.3,2.3,2.2,15.4,0
55,Al Horford,C,29,ATL,58,58,32.0,6.5,12.9,.506,1.0,3.0,.335,5.5,9.9,.557,.545,1.3,1.7,.794,2.0,5.0,7.0,3.1,0.8,1.6,1.3,1.9,15.4,1
56,Lou Williams,SG,29,LAL,55,35,29.8,4.3,10.7,.400,1.6,4.7,.336,2.7,6.0,.450,.474,5.3,6.4,.830,0.4,2.3,2.7,2.6,1.0,0.3,1.7,1.7,15.4,0
57,Avery Bradley,SG,25,BOS,53,49,33.1,6.0,13.5,.445,2.2,5.8,.375,3.8,7.7,.498,.526,1.1,1.4,.778,0.6,2.1,2.7,2.1,1.5,0.2,1.5,2.2,15.3,0
58,Tyreke Evans,PG,26,NOP,25,25,30.6,5.4,12.6,.433,1.3,3.4,.388,4.1,9.2,.450,.486,3.0,3.7,.796,0.8,4.4,5.2,6.6,1.3,0.3,2.9,2.6,15.2,0
59,Jeff Teague,PG,27,ATL,55,54,28.4,5.3,12.1,.434,1.3,3.1,.401,4.0,9.0,.446,.486,3.3,3.9,.834,0.4,2.2,2.6,5.5,1.3,0.3,2.8,2.2,15.1,0
60,Rodney Hood,SG,23,UTA,54,54,31.6,5.2,12.2,.428,2.0,5.4,.371,3.2,6.8,.474,.511,2.5,2.9,.871,0.4,2.9,3.3,2.7,0.9,0.2,1.6,2.9,15.0,0
61,Mike Conley,PG,28,MEM,49,49,31.7,5.1,12.4,.411,1.4,3.9,.354,3.7,8.6,.436,.466,3.4,4.0,.842,0.5,2.6,3.1,6.1,1.2,0.3,1.5,1.8,14.9,1
62,Eric Gordon,SG,27,NOP,41,40,33.4,5.0,12.2,.409,2.5,6.6,.375,2.5,5.7,.448,.510,2.4,2.8,.885,0.2,1.9,2.1,2.7,1.0,0.3,1.6,2.2,14.9,1
63,Thaddeus Young,PF,27,BRK,57,57,32.8,6.7,13.1,.508,0.1,0.4,.217,6.6,12.7,.517,.511,1.5,2.4,.627,2.4,6.7,9.1,1.8,1.5,0.4,1.9,2.4,14.9,0
64,Nicolas Batum,SG,27,CHO,46,46,35.4,5.1,12.3,.412,2.1,5.9,.351,3.0,6.4,.468,.496,2.6,3.0,.849,0.8,5.7,6.5,5.5,0.9,0.6,3.2,1.7,14.8,1
65,Victor Oladipo,SG,23,ORL,51,31,31.9,5.3,12.7,.414,1.4,4.0,.337,3.9,8.7,.449,.467,2.7,3.3,.837,0.6,4.3,4.8,4.1,1.4,0.6,2.2,2.3,14.6,0
66,Kentavious Caldwell-Pope,SG,22,DET,53,53,36.8,5.3,12.6,.418,1.5,4.9,.308,3.8,7.7,.488,.478,2.4,3.0,.822,0.8,2.9,3.8,1.7,1.5,0.3,1.4,2.3,14.5,0
67,Dwight Howard,C,30,HOU,46,46,32.4,5.3,8.7,.609,0.0,0.1,.000,5.3,8.7,.616,.609,3.9,7.3,.530,3.6,8.4,12.0,1.5,1.1,1.5,2.5,3.1,14.5,1
68,Deron Williams,PG,31,DAL,48,46,32.2,5.0,12.1,.416,1.5,4.3,.346,3.6,7.9,.454,.477,2.8,3.1,.887,0.3,2.7,2.9,5.5,0.9,0.2,2.3,2.3,14.4,1
69,Alec Burks,SG,24,UTA,28,3,27.1,4.8,11.6,.409,1.0,2.7,.387,3.7,8.9,.416,.454,3.8,5.0,.752,0.6,3.0,3.6,2.1,0.6,0.1,1.8,2.5,14.3,0
70,Jae Crowder,SF,25,BOS,58,58,32.2,5.0,11.0,.452,1.7,4.8,.357,3.2,6.2,.527,.531,2.7,3.2,.832,0.9,4.2,5.2,1.9,1.8,0.5,1.2,2.7,14.3,0
71,Zach Randolph,PF,34,MEM,50,35,29.2,6.0,12.2,.493,0.0,0.2,.182,6.0,12.0,.499,.495,2.2,2.9,.757,2.8,5.2,8.0,1.6,0.6,0.2,1.5,2.1,14.3,0
72,Evan Fournier,SF,23,ORL,55,47,32.0,5.1,11.2,.450,2.0,5.0,.401,3.0,6.2,.490,.540,2.1,2.5,.829,0.4,2.5,2.9,2.7,1.3,0.0,1.6,2.6,14.2,1
73,Arron Afflalo,SG,30,NYK,50,50,34.3,5.5,12.1,.450,1.4,3.6,.383,4.1,8.5,.479,.507,1.8,2.0,.880,0.3,3.3,3.6,2.0,0.4,0.2,1.1,2.3,14.1,1
74,Monta Ellis,SG,30,IND,56,56,34.0,5.6,12.9,.434,1.1,3.4,.311,4.5,9.5,.478,.475,1.8,2.4,.752,0.4,2.6,3.0,4.8,1.8,0.5,2.7,2.1,14.1,0
75,Draymond Green,PF,25,GSW,54,54,34.1,5.0,10.3,.486,1.3,3.2,.409,3.7,7.1,.521,.550,2.8,4.1,.682,1.7,7.9,9.7,7.3,1.3,1.2,3.0,3.0,14.1,0
76,Marcin Gortat,C,31,WAS,49,49,31.1,5.9,10.7,.549,0.0,0.0,.000,5.9,10.7,.550,.549,2.1,2.9,.725,2.9,7.1,10.0,1.5,0.7,1.4,1.8,2.6,13.9,0
77,Kristaps Porzingis,PF,20,NYK,57,57,28.1,5.1,12.0,.426,1.1,3.3,.344,4.0,8.7,.457,.473,2.6,3.0,.855,2.0,5.5,7.5,1.2,0.8,1.9,1.7,2.9,13.9,0
78,Tobias Harris,PF,23,TOT,52,50,32.9,5.2,11.2,.466,1.0,3.2,.311,4.3,8.1,.526,.509,2.4,3.1,.786,1.4,5.4,6.9,2.0,1.0,0.6,1.6,1.9,13.8,0
79,Jamal Crawford,SG,35,LAC,56,3,26.5,4.6,11.5,.398,1.3,4.0,.321,3.3,7.5,.439,.454,3.2,3.4,.922,0.2,1.5,1.7,2.2,0.6,0.1,1.5,1.5,13.6,1
80,Marcus Morris,SF,26,DET,56,56,36.2,4.9,11.8,.416,1.0,3.4,.301,3.9,8.4,.464,.460,2.6,3.4,.762,1.2,3.8,5.0,2.5,0.8,0.3,1.7,2.1,13.5,0
81,Darren Collison,PG,28,SAC,50,4,28.4,4.8,10.2,.475,1.1,2.9,.370,3.8,7.3,.516,.527,2.6,3.1,.845,0.4,1.8,2.2,3.9,0.9,0.0,1.7,1.8,13.4,0
82,Zach LaVine,PG,20,MIN,57,9,24.6,4.9,11.1,.441,1.1,3.2,.359,3.8,8.0,.474,.492,2.1,2.6,.803,0.4,2.6,3.0,3.1,0.6,0.2,1.9,2.4,13.0,0
83,Goran Dragic,SG,29,MIA,47,47,32.4,5.2,11.0,.471,0.9,2.8,.323,4.3,8.3,.521,.512,1.5,2.1,.693,0.7,2.9,3.6,5.4,1.0,0.2,2.4,2.4,12.8,0
84,Jarrett Jack,PG,32,BRK,32,32,32.1,4.4,11.2,.391,1.0,3.2,.304,3.4,8.0,.426,.434,3.1,3.5,.893,0.3,4.0,4.3,7.4,1.1,0.2,2.9,2.4,12.8,0
85,Chandler Parsons,SF,27,DAL,49,39,28.4,4.9,10.0,.488,1.6,3.8,.413,3.3,6.3,.532,.565,1.5,2.2,.664,0.4,4.0,4.4,2.4,0.6,0.4,1.5,1.8,12.8,1
86,Jonas Valanciunas,C,23,TOR,38,37,26.5,5.0,8.9,.558,0.0,0.0,.000,5.0,8.9,.558,.558,2.9,3.8,.757,3.3,6.2,9.4,0.8,0.4,1.2,1.6,2.5,12.8,0
87,Serge Ibaka,PF,26,OKC,56,56,32.5,5.4,11.2,.486,0.7,2.1,.353,4.7,9.1,.517,.519,1.1,1.5,.750,1.9,4.8,6.8,0.9,0.4,2.1,1.5,2.7,12.7,0
88,Michael Kidd-Gilchrist,SF,22,CHO,7,7,29.3,4.7,8.7,.541,0.4,1.0,.429,4.3,7.7,.556,.566,2.9,4.1,.690,1.7,4.7,6.4,1.3,0.4,0.4,1.1,1.3,12.7,0
89,Trevor Ariza,SF,30,HOU,56,56,34.8,4.4,10.5,.418,2.3,6.1,.385,2.1,4.4,.462,.529,1.5,2.0,.741,0.8,3.8,4.6,2.0,2.0,0.3,1.4,2.2,12.6,0
90,George Hill,PG,29,IND,49,48,35.2,4.6,10.5,.434,1.8,4.3,.423,2.7,6.2,.442,.521,1.6,2.1,.743,0.8,3.3,4.1,3.4,1.3,0.2,1.5,2.0,12.6,0
91,J.R. Smith,SG,30,CLE,51,51,30.7,4.7,11.4,.408,2.7,6.6,.404,2.0,4.8,.415,.525,0.6,1.0,.596,0.6,2.3,2.9,1.5,1.1,0.3,0.8,2.8,12.6,1
92,Hassan Whiteside,C,26,MIA,47,40,28.5,5.3,8.6,.615,0.0,0.0,.000,5.3,8.6,.615,.615,2.1,3.7,.551,3.2,8.2,11.4,0.3,0.5,3.9,1.9,2.6,12.6,1
93,Al Jefferson,C,31,CHO,21,17,25.0,5.7,11.5,.492,0.0,0.0,.000,5.7,11.5,.492,.492,1.1,2.0,.571,1.1,5.0,6.1,1.5,0.7,1.0,0.9,2.4,12.5,1
94,Tony Parker,PG,33,SAS,51,51,26.9,5.2,10.1,.514,0.4,0.8,.429,4.8,9.3,.521,.531,1.8,2.4,.760,0.3,2.2,2.5,5.1,0.8,0.1,1.7,1.6,12.5,0
95,Harrison Barnes,SF,23,GSW,39,32,29.4,4.7,9.7,.479,1.3,3.2,.408,3.4,6.5,.514,.546,1.6,1.9,.816,1.1,3.4,4.5,1.7,0.7,0.2,0.9,2.0,12.2,1
96,Omri Casspi,SF,27,SAC,49,19,29.2,4.5,9.2,.490,1.9,4.4,.423,2.6,4.8,.551,.591,1.3,2.1,.637,0.7,5.7,6.4,1.4,0.8,0.2,1.4,2.4,12.2,0
97,Kenneth Faried,PF,26,DEN,50,48,25.9,5.1,9.2,.554,0.0,0.0,.000,5.1,9.2,.556,.554,2.0,3.4,.576,3.4,5.3,8.7,1.2,0.4,1.0,1.3,2.6,12.2,0
98,Jeff Green,SF,29,TOT,55,31,28.9,4.5,10.4,.432,0.8,2.5,.314,3.7,7.9,.470,.470,2.3,3.0,.787,1.0,3.5,4.5,1.8,0.7,0.4,1.3,1.9,12.2,1
99,DeAndre Jordan,C,27,LAC,54,54,33.9,4.4,6.4,.696,0.0,0.0,.000,4.4,6.4,.696,.696,3.4,7.9,.425,3.7,10.5,14.2,1.1,0.6,2.3,1.3,2.8,12.2,0
100,Wesley Matthews,SG,29,DAL,53,53,33.1,4.2,10.8,.387,2.3,6.5,.346,1.9,4.3,.449,.491,1.5,1.8,.851,0.4,2.5,2.9,1.9,0.9,0.2,1.0,2.2,12.2,0
101,D'Angelo Russell,PG,19,LAL,56,24,27.2,4.7,11.2,.418,1.5,4.5,.343,3.1,6.7,.468,.486,1.3,1.8,.707,0.6,3.0,3.6,3.4,1.1,0.2,2.4,1.7,12.1,0
102,Jeremy Lin,PG,27,CHO,52,11,26.9,4.0,9.6,.413,0.9,3.0,.318,3.0,6.7,.455,.462,3.1,3.8,.803,0.6,2.6,3.2,3.2,0.7,0.6,1.9,2.2,12.0,1
103,C.J. Miles,SF,28,IND,49,24,24.6,4.1,10.3,.399,2.1,6.1,.347,2.0,4.2,.475,.502,1.6,2.2,.734,0.4,2.6,3.1,1.1,0.9,0.4,1.2,2.3,12.0,0
104,Rajon Rondo,PG,29,SAC,53,53,35.1,4.9,10.9,.453,0.8,2.2,.371,4.1,8.7,.473,.490,1.3,2.2,.580,1.2,5.1,6.3,11.9,2.0,0.2,3.9,2.3,12.0,1
105,Kent Bazemore,SF,26,ATL,53,46,28.1,4.4,9.9,.442,1.5,4.1,.377,2.8,5.8,.487,.519,1.7,2.0,.833,0.3,4.5,4.9,2.3,1.3,0.4,1.9,2.2,11.9,1
106,Jabari Parker,PF,20,MIL,51,47,29.7,5.0,10.2,.490,0.0,0.2,.000,5.0,10.1,.498,.490,1.9,2.5,.768,1.6,3.5,5.1,1.5,0.8,0.4,1.2,1.9,11.9,0
107,Otto Porter,SF,22,WAS,48,46,31.0,4.7,10.0,.469,1.2,3.7,.324,3.5,6.3,.553,.528,1.4,1.9,.744,1.2,4.0,5.2,1.8,1.6,0.4,1.0,2.3,11.9,0
108,Joe Johnson,SF,34,BRK,57,57,33.9,4.3,10.7,.406,1.5,4.0,.371,2.8,6.6,.427,.476,1.6,1.9,.852,0.6,3.3,3.9,4.1,0.7,0.0,2.0,1.8,11.8,1
109,Enes Kanter,C,23,OKC,56,0,20.7,4.7,8.5,.551,0.1,0.2,.455,4.6,8.3,.554,.557,2.3,3.0,.783,2.9,4.8,7.7,0.5,0.2,0.4,1.3,1.9,11.8,0
110,DeMarre Carroll,SF,29,TOR,23,22,32.0,4.3,11.1,.388,1.8,4.8,.378,2.5,6.3,.396,.471,1.2,2.1,.583,1.2,3.6,4.8,1.0,1.7,0.2,1.2,2.5,11.7,0
111,Ish Smith,PG,27,TOT,51,27,26.6,4.8,11.9,.406,0.4,1.5,.284,4.4,10.5,.422,.423,1.6,2.2,.726,0.5,2.9,3.5,6.5,1.2,0.2,2.1,1.7,11.7,1
112,Michael Carter-Williams,PG,24,MIL,52,37,30.6,4.7,10.2,.455,0.3,1.0,.288,4.4,9.2,.473,.469,2.0,3.0,.662,0.9,4.3,5.2,5.3,1.5,0.7,2.8,3.0,11.6,0
113,Trey Burke,PG,23,UTA,53,0,23.4,4.5,10.8,.418,1.5,4.3,.352,3.0,6.5,.462,.489,1.0,1.2,.785,0.3,1.6,1.9,2.6,0.6,0.1,1.3,1.4,11.5,0
114,Robert Covington,SF,25,PHI,47,33,26.9,3.7,9.7,.385,2.2,6.3,.347,1.5,3.4,.456,.498,1.9,2.3,.800,0.9,4.9,5.7,1.4,1.6,0.6,2.3,3.4,11.5,0
115,Emmanuel Mudiay,PG,19,DEN,43,41,30.1,4.3,12.5,.343,0.8,2.9,.272,3.5,9.6,.365,.375,2.1,3.3,.632,0.5,2.7,3.2,5.7,1.1,0.6,3.5,2.0,11.5,0
116,Luol Deng,SF,30,MIA,49,48,31.6,4.1,9.4,.439,1.2,3.4,.352,2.9,6.0,.488,.502,1.9,2.5,.777,1.2,4.0,5.1,1.5,0.9,0.3,0.9,1.6,11.3,1
117,Ersan Ilyasova,PF,28,TOT,55,52,27.2,4.1,9.7,.422,1.5,4.1,.369,2.6,5.6,.461,.500,1.6,2.2,.731,1.9,3.5,5.4,1.0,0.7,0.5,1.1,2.4,11.3,0
118,Markieff Morris,PF,26,TOT,40,24,24.5,4.5,11.4,.392,0.6,2.1,.268,3.9,9.3,.419,.416,1.7,2.4,.719,1.1,3.9,5.1,2.3,0.9,0.5,2.3,2.9,11.2,0
119,Julius Randle,PF,21,LAL,57,36,27.5,4.4,10.4,.420,0.1,0.4,.320,4.2,10.0,.424,.427,2.3,3.3,.689,2.2,7.8,10.0,1.6,0.6,0.4,1.8,3.1,11.2,0
120,Dennis Schroder,PG,22,ATL,56,6,21.0,4.2,9.9,.426,1.1,3.2,.343,3.1,6.7,.465,.481,1.7,2.1,.795,0.4,2.5,2.9,4.7,0.9,0.1,2.2,1.7,11.2,0
121,Gary Harris,SG,21,DEN,51,51,31.3,4.3,9.4,.458,1.2,3.5,.348,3.1,5.8,.525,.524,1.2,1.5,.805,0.6,2.2,2.8,1.8,1.3,0.2,1.4,1.9,11.0,0
122,Nerlens Noel,PF,21,PHI,49,45,29.3,4.5,8.4,.540,0.0,0.0,.000,4.5,8.4,.540,.540,1.9,3.3,.594,2.1,6.0,8.2,1.7,1.7,1.6,2.4,2.6,11.0,0
123,T.J. Warren,SF,22,PHO,47,4,22.8,4.7,9.4,.501,0.6,1.5,.400,4.1,7.9,.520,.533,1.0,1.4,.703,1.2,1.9,3.1,0.9,0.8,0.3,0.7,2.0,11.0,0
124,Marco Belinelli,SG,29,SAC,53,7,26.0,3.8,9.8,.385,1.4,4.7,.300,2.4,5.1,.463,.456,2.0,2.3,.862,0.1,1.7,1.8,1.9,0.6,0.0,1.3,1.5,10.9,0
125,Allen Crabbe,SG,23,POR,56,8,26.0,4.2,9.0,.469,1.4,3.6,.374,2.9,5.4,.533,.545,1.1,1.3,.875,0.3,2.3,2.7,1.2,0.9,0.2,0.9,2.5,10.9,1
126,Kevin Martin,SG,32,MIN,38,12,21.8,3.3,8.8,.375,1.0,2.7,.369,2.3,6.1,.378,.432,3.3,3.7,.880,0.3,1.9,2.1,1.2,0.4,0.0,1.1,1.8,10.9,1
127,Elfrid Payton,PG,21,ORL,51,50,29.5,4.3,10.3,.421,0.4,1.2,.349,3.9,9.0,.430,.442,1.7,2.7,.616,1.0,2.5,3.5,5.8,1.3,0.3,2.3,2.3,10.7,0
128,Nikola Mirotic,PF,24,CHI,44,31,24.0,3.4,8.8,.386,1.7,4.8,.354,1.7,4.1,.422,.481,2.1,2.7,.780,1.0,4.9,5.9,1.4,0.9,0.7,1.5,2.0,10.6,0
129,Marvin Williams,PF,29,CHO,55,55,29.1,3.7,8.6,.437,1.7,4.4,.384,2.1,4.2,.493,.536,1.4,1.6,.867,1.6,5.1,6.6,1.4,0.6,1.0,0.7,1.6,10.6,1
130,Jerryd Bayless,SG,27,MIL,36,7,28.0,3.6,8.6,.424,2.0,4.6,.436,1.6,4.0,.410,.540,1.2,1.6,.786,0.4,2.4,2.8,3.4,0.9,0.2,1.7,2.2,10.5,1
131,Devin Booker,SG,19,PHO,51,26,23.5,3.6,8.3,.437,1.2,3.0,.397,2.4,5.3,.459,.508,2.1,2.5,.831,0.3,1.9,2.2,1.8,0.5,0.1,1.5,2.6,10.5,0
132,Isaiah Canaan,PG,24,PHI,55,24,24.4,3.2,8.8,.363,2.2,5.9,.375,1.0,2.9,.338,.489,1.7,2.1,.821,0.2,2.0,2.2,1.8,0.7,0.2,1.3,1.7,10.4,1
133,Jeremy Lamb,SG,23,CHO,45,0,20.7,4.2,9.0,.463,1.0,3.2,.317,3.2,5.8,.542,.519,1.1,1.4,.781,0.8,3.4,4.1,1.4,0.7,0.4,0.8,1.6,10.4,0
134,Mirza Teletovic,PF,30,PHO,55,1,18.8,3.5,8.2,.428,2.1,5.2,.408,1.4,3.1,.462,.556,1.3,1.6,.795,0.6,2.6,3.1,1.0,0.3,0.3,0.9,1.7,10.4,1
135,Myles Turner,C,19,IND,34,11,21.3,4.4,8.2,.539,0.0,0.1,.250,4.4,8.1,.543,.541,1.4,2.2,.645,1.1,3.9,5.1,0.5,0.3,1.6,0.9,2.5,10.4,0
136,Rudy Gobert,C,23,UTA,36,35,33.0,3.7,6.3,.587,0.0,0.0,.000,3.7,6.3,.587,.587,2.9,4.8,.602,3.1,7.3,10.4,1.7,0.9,2.5,1.9,2.9,10.2,0
137,Al-Farouq Aminu,SF,25,POR,57,57,29.2,3.7,9.0,.408,1.4,4.1,.346,2.3,4.9,.459,.486,1.4,1.9,.709,1.2,5.1,6.3,1.6,0.9,0.6,1.6,2.2,10.1,0
138,Kelly Olynyk,C,24,BOS,54,8,20.3,3.8,8.3,.461,1.3,3.1,.413,2.5,5.2,.489,.538,1.2,1.7,.728,1.1,3.2,4.3,1.6,0.8,0.6,1.2,2.4,10.1,0
139,Jared Sullinger,PF,23,BOS,57,49,23.6,4.2,9.7,.437,0.4,1.4,.256,3.9,8.3,.468,.456,1.2,1.9,.618,2.4,6.1,8.5,2.4,0.9,0.6,1.3,2.8,10.1,1
140,Mario Chalmers,PG,29,TOT,52,5,22.1,3.0,7.1,.420,0.8,2.4,.317,2.2,4.7,.473,.474,3.3,4.0,.813,0.4,2.2,2.6,3.7,1.3,0.2,1.8,3.0,10.0,1
141,Manu Ginobili,SG,38,SAS,43,0,19.7,3.6,7.9,.451,1.2,3.1,.378,2.4,4.7,.500,.527,1.7,2.1,.793,0.5,2.4,3.0,3.3,1.1,0.2,1.7,1.6,10.0,1
142,Shabazz Muhammad,SG,23,MIN,57,0,20.5,3.6,7.9,.464,0.6,1.8,.305,3.1,6.0,.513,.500,2.1,2.7,.792,1.0,2.1,3.1,0.5,0.3,0.1,0.8,1.2,10.0,0
143,Zaza Pachulia,C,31,DAL,52,52,29.7,3.3,7.1,.467,0.0,0.0,.000,3.3,7.0,.470,.467,3.4,4.5,.755,3.7,7.2,10.8,2.0,1.0,0.3,1.9,2.6,10.0,1
144,Marcus Smart,PG,21,BOS,37,8,27.2,3.3,9.1,.361,1.2,4.2,.280,2.1,4.9,.431,.426,2.2,3.0,.755,1.2,2.8,4.0,3.1,1.8,0.3,1.3,3.1,10.0,0
145,Marcus Thornton,SG,28,HOU,47,6,18.8,3.7,9.3,.400,1.6,4.6,.338,2.1,4.7,.461,.484,1.1,1.2,.879,0.7,1.8,2.4,1.4,0.7,0.1,0.9,1.6,10.0,1
146,Evan Turner,SG,27,BOS,58,4,27.1,4.0,8.8,.450,0.2,1.1,.169,3.8,7.7,.491,.461,1.8,2.2,.827,0.6,4.2,4.8,4.4,0.9,0.3,2.1,1.7,10.0,1
147,Norris Cole,PG,27,NOP,39,17,25.7,4.1,10.4,.399,0.7,2.2,.299,3.5,8.1,.426,.431,1.0,1.3,.769,0.2,3.0,3.2,3.3,0.7,0.1,1.6,2.2,9.9,1
148,Gerald Green,SG,30,MIA,50,12,25.9,3.7,9.4,.394,1.3,4.2,.316,2.4,5.2,.457,.465,1.2,1.6,.756,0.4,2.3,2.7,1.0,0.6,0.4,0.9,2.0,9.9,1
149,Courtney Lee,SG,30,TOT,52,38,29.0,3.7,8.1,.459,1.0,2.7,.374,2.7,5.5,.500,.520,1.5,1.8,.826,0.4,1.9,2.3,1.5,1.0,0.3,1.0,1.6,9.9,1
150,Ramon Sessions,PG,29,WAS,55,0,20.5,3.3,7.0,.469,0.4,1.4,.307,2.9,5.7,.508,.499,2.9,3.9,.759,0.3,2.3,2.6,2.7,0.7,0.1,1.3,1.3,9.9,1
151,Robin Lopez,C,27,NYK,58,58,25.8,4.2,7.7,.542,0.0,0.0,.000,4.2,7.7,.544,.542,1.4,1.8,.816,3.0,3.7,6.7,1.3,0.2,1.4,1.6,2.5,9.8,0
152,Gary Neal,SG,31,WAS,40,2,20.2,3.8,8.1,.465,1.0,2.5,.410,2.8,5.6,.489,.528,1.2,1.4,.855,0.3,1.8,2.1,1.2,0.5,0.0,0.7,1.4,9.8,1
153,Rodney Stuckey,PG,29,IND,33,0,25.0,3.6,8.8,.410,0.3,1.5,.208,3.3,7.3,.450,.428,2.3,2.8,.828,0.5,3.0,3.4,2.6,0.8,0.2,1.5,1.4,9.8,0
154,J.J. Barea,PG,31,DAL,51,9,22.0,3.7,8.8,.420,1.3,3.4,.370,2.4,5.4,.451,.491,1.0,1.4,.768,0.3,1.6,1.9,3.9,0.4,0.0,1.5,1.6,9.7,0
155,Ricky Rubio,PG,25,MIN,51,51,30.5,2.7,7.7,.357,0.6,2.2,.288,2.1,5.5,.384,.398,3.6,4.4,.825,0.6,3.8,4.4,8.8,2.2,0.1,2.3,2.5,9.7,0
156,Archie Goodwin,SG,21,PHO,37,13,20.9,3.2,7.8,.410,0.5,1.8,.258,2.8,6.1,.455,.440,2.7,3.8,.716,0.5,2.0,2.5,2.2,0.5,0.2,1.9,1.5,9.6,0
157,Nikola Jokic,C,20,DEN,55,30,19.9,3.7,7.1,.531,0.3,0.8,.400,3.4,6.2,.548,.554,1.8,2.3,.798,2.2,3.9,6.1,1.9,1.0,0.5,1.3,2.5,9.6,0
158,Dion Waiters,SG,24,OKC,56,12,28.3,3.6,9.1,.392,1.0,2.9,.345,2.6,6.2,.414,.448,1.4,2.0,.730,0.5,2.3,2.8,1.9,1.0,0.2,1.5,1.9,9.6,1
159,Gorgui Dieng,C,26,MIN,57,14,26.1,3.5,6.6,.532,0.1,0.2,.273,3.5,6.4,.540,.536,2.4,2.9,.823,2.0,5.1,7.2,1.6,1.1,1.0,1.9,2.6,9.5,0
160,Raymond Felton,PG,31,DAL,56,22,27.1,3.4,8.3,.412,0.9,2.7,.322,2.6,5.7,.454,.464,1.8,2.1,.849,0.4,2.9,3.3,3.4,0.9,0.1,1.4,1.6,9.5,1
161,Bojan Bogdanovic,SF,26,BRK,57,17,26.0,3.5,8.2,.423,1.4,3.9,.368,2.1,4.4,.472,.510,1.0,1.2,.824,0.5,2.6,3.1,1.1,0.4,0.1,1.2,1.4,9.4,0
162,Kyle Korver,SG,34,ATL,56,56,30.4,3.4,7.9,.429,1.9,5.0,.387,1.4,2.9,.503,.552,0.7,0.8,.826,0.1,3.2,3.3,2.2,0.9,0.4,1.4,2.1,9.4,0
163,Patrick Beverley,PG,27,HOU,46,38,26.9,3.3,7.9,.425,1.7,4.1,.407,1.7,3.8,.445,.532,0.9,1.3,.667,0.9,2.1,3.0,2.8,1.2,0.3,1.2,3.1,9.2,0
164,Jared Dudley,PF,30,WAS,54,36,28.9,3.3,6.8,.485,1.5,3.4,.459,1.7,3.4,.511,.599,1.1,1.4,.753,0.7,3.1,3.8,2.2,1.0,0.2,1.1,2.4,9.2,1
165,Jordan Hill,PF,28,IND,52,10,21.7,4.0,7.8,.510,0.0,0.0,.000,4.0,7.8,.511,.510,1.3,1.9,.673,2.4,4.4,6.8,1.3,0.6,0.5,1.4,2.3,9.2,1
166,Terrence Jones,PF,24,HOU,46,11,22.1,3.5,7.8,.451,0.5,1.7,.316,3.0,6.0,.489,.486,1.7,2.5,.667,1.3,3.2,4.5,0.9,0.5,0.8,1.0,1.8,9.2,1
167,Jerami Grant,SF,21,PHI,54,32,25.7,3.1,7.0,.437,0.4,1.8,.224,2.7,5.2,.511,.466,2.5,3.7,.683,1.2,3.4,4.6,1.6,0.7,1.6,1.4,2.9,9.1,0
168,Terrence Ross,SF,24,TOR,49,7,23.8,3.4,7.7,.441,1.7,4.4,.384,1.7,3.3,.515,.550,0.6,0.7,.771,0.3,2.1,2.4,0.7,0.8,0.4,0.7,1.6,9.1,1
169,Luis Scola,PF,35,TOR,55,55,22.6,3.7,8.4,.443,0.7,1.9,.394,3.0,6.5,.457,.487,0.9,1.2,.788,1.3,3.9,5.2,0.9,0.7,0.4,0.9,2.4,9.1,1
170,Mo Williams,PG,33,CLE,34,14,20.2,3.6,8.1,.442,0.9,2.6,.330,2.7,5.5,.495,.495,1.1,1.2,.905,0.1,1.8,1.9,2.7,0.3,0.1,1.6,1.6,9.1,1
171,Cody Zeller,C,23,CHO,47,34,24.9,3.3,6.6,.503,0.0,0.2,.100,3.3,6.3,.517,.505,2.5,3.3,.745,1.9,4.3,6.1,0.9,0.8,0.7,1.0,3.0,9.1,0
172,Stanley Johnson,SF,19,DET,57,5,23.9,3.4,8.8,.391,0.9,3.0,.318,2.5,5.8,.429,.445,1.1,1.5,.783,0.8,3.4,4.2,1.6,0.7,0.2,1.5,2.5,9.0,0
173,Cory Joseph,PG,24,TOR,55,0,25.8,3.4,7.2,.466,0.4,1.3,.290,3.0,6.0,.503,.491,1.9,2.5,.752,0.5,2.2,2.7,3.1,0.8,0.3,1.3,1.6,9.0,0
174,Mason Plumlee,C,25,POR,57,57,25.5,3.3,6.5,.511,0.0,0.0,.000,3.3,6.5,.514,.511,2.4,3.8,.612,2.6,5.1,7.7,2.7,0.8,1.0,1.9,3.1,9.0,0
175,Hollis Thompson,SG,24,PHI,54,2,26.9,3.2,7.8,.404,1.7,4.5,.387,1.4,3.3,.428,.515,0.8,1.1,.694,0.6,2.7,3.3,1.0,0.4,0.3,1.1,2.4,8.9,0
176,Jon Leuer,PF,26,PHO,46,23,20.2,3.5,7.3,.484,0.8,1.9,.402,2.8,5.4,.512,.536,1.0,1.4,.762,1.0,4.6,5.6,1.3,0.6,0.5,1.2,2.1,8.8,1
177,Ian Mahinmi,C,29,IND,47,47,24.7,3.5,5.8,.599,0.0,0.0,.000,3.5,5.8,.599,.599,1.9,3.2,.579,2.1,5.0,7.1,1.4,0.9,1.0,1.3,3.1,8.8,1
178,Matt Barnes,SF,35,MEM,51,20,26.5,3.0,7.7,.392,1.4,4.3,.330,1.6,3.4,.471,.485,1.2,1.4,.822,1.0,4.1,5.1,1.8,1.1,0.8,1.3,3.2,8.7,1
179,Nene Hilario,PF,33,WAS,32,8,18.7,3.5,6.5,.541,0.0,0.0,.000,3.5,6.4,.544,.541,1.7,2.8,.582,0.8,3.7,4.5,1.5,0.9,0.4,1.2,2.9,8.7,1
180,Tyler Johnson,SG,23,MIA,36,5,24.0,3.3,6.7,.488,0.8,1.9,.386,2.5,4.8,.529,.543,1.4,1.8,.797,0.8,2.3,3.0,2.2,0.7,0.4,1.3,1.8,8.7,1
181,Doug McDermott,SF,24,CHI,54,4,22.5,3.4,7.6,.450,1.4,3.3,.436,2.0,4.3,.461,.545,0.4,0.5,.857,0.4,1.9,2.3,0.6,0.2,0.1,0.8,1.6,8.7,0
182,Patrick Mills,PG,27,SAS,56,2,20.5,3.4,7.6,.446,1.6,3.9,.403,1.8,3.7,.490,.548,0.4,0.6,.750,0.3,1.7,2.0,2.7,0.8,0.1,0.9,1.2,8.7,0
183,Derrick Williams,PF,24,NYK,57,0,16.7,2.9,6.7,.430,0.4,1.9,.236,2.4,4.8,.505,.463,2.5,3.4,.755,0.6,3.0,3.6,0.8,0.4,0.1,0.6,0.8,8.7,1
184,Tim Duncan,C,39,SAS,41,41,25.4,3.5,7.2,.485,0.0,0.0,.000,3.5,7.1,.488,.485,1.6,2.2,.744,1.7,5.8,7.5,2.9,0.9,1.4,1.6,2.3,8.6,1
185,O.J. Mayo,SG,28,MIL,34,17,26.9,3.2,8.6,.375,1.3,4.1,.312,1.9,4.5,.431,.448,0.9,1.2,.775,0.4,2.3,2.7,3.2,1.2,0.2,1.6,2.9,8.6,1
186,Meyers Leonard,PF,23,POR,50,10,22.2,3.3,7.3,.445,1.3,3.8,.349,1.9,3.5,.552,.537,0.6,0.7,.757,0.9,4.0,4.9,1.5,0.1,0.3,1.3,2.9,8.4,1
187,Lance Thomas,SF,27,NYK,53,5,21.6,2.9,6.5,.455,0.7,1.8,.398,2.2,4.6,.478,.512,1.8,2.0,.870,0.6,1.5,2.1,0.8,0.4,0.1,1.0,1.8,8.4,1
188,Tony Wroten,PG,22,PHI,8,3,18.0,2.8,8.1,.338,0.4,2.1,.176,2.4,6.0,.396,.362,2.5,4.6,.541,0.3,2.4,2.6,2.5,0.4,0.0,3.6,1.4,8.4,0
189,Austin Rivers,SG,23,LAC,46,5,21.6,3.2,7.3,.438,0.7,2.5,.284,2.5,4.8,.518,.487,0.9,1.3,.677,0.3,1.5,1.8,1.3,0.7,0.2,0.9,2.1,8.1,1
190,Matthew Dellavedova,SG,25,CLE,49,11,26.3,2.9,7.0,.419,1.3,3.1,.429,1.6,3.9,.411,.515,0.8,0.9,.907,0.6,1.8,2.4,4.8,0.7,0.1,1.6,2.3,8.0,1
191,Orlando Johnson,SG,26,PHO,2,0,23.5,2.5,9.0,.278,0.5,2.5,.200,2.0,6.5,.308,.306,2.5,3.0,.833,1.5,3.0,4.5,0.0,1.0,1.5,0.5,2.5,8.0,0
192,Langston Galloway,PG,24,NYK,58,6,25.1,2.9,7.0,.420,1.0,2.7,.363,1.9,4.3,.456,.490,1.0,1.3,.779,0.5,3.1,3.7,2.3,0.8,0.2,0.6,2.2,7.9,1
193,Taj Gibson,PF,30,CHI,55,37,26.6,3.3,6.6,.505,0.0,0.1,.000,3.3,6.6,.510,.505,1.2,1.9,.636,2.9,4.3,7.2,1.3,0.5,1.1,1.1,2.6,7.9,0
194,Jameer Nelson,PG,33,DEN,38,15,27.1,3.0,8.1,.369,1.1,3.8,.299,1.8,4.3,.432,.440,0.8,0.9,.857,0.5,2.5,3.0,5.0,0.7,0.1,1.7,2.6,7.9,0
195,Aaron Gordon,PF,20,ORL,54,14,22.2,2.9,6.4,.458,0.5,1.5,.301,2.5,4.9,.508,.494,1.5,2.3,.672,1.9,4.4,6.4,1.5,0.7,0.7,0.9,1.9,7.8,0
196,Joffrey Lauvergne,C,24,DEN,35,15,17.5,3.3,6.5,.502,0.4,1.1,.351,2.9,5.4,.532,.531,0.9,1.0,.861,1.5,3.5,5.1,1.0,0.2,0.3,0.9,2.0,7.8,0
197,Garrett Temple,SF,29,WAS,53,33,25.6,2.7,7.0,.385,1.1,3.4,.320,1.6,3.6,.445,.462,1.3,1.9,.710,0.4,2.2,2.6,1.8,0.9,0.2,0.7,2.4,7.8,1
198,Tristan Thompson,PF,24,CLE,55,25,28.3,3.1,5.3,.581,0.0,0.0,.000,3.1,5.3,.581,.581,1.7,2.8,.617,3.4,6.1,9.5,0.7,0.3,0.5,0.7,2.5,7.8,0
199,Gerald Henderson,SG,28,POR,48,0,18.3,2.8,6.8,.415,0.6,1.9,.341,2.2,4.9,.444,.463,1.5,1.9,.753,0.4,2.4,2.8,1.0,0.4,0.3,0.8,0.9,7.7,1
200,Ben McLemore,SG,22,SAC,51,43,20.9,2.8,6.2,.448,0.9,2.5,.365,1.9,3.7,.503,.521,1.2,1.6,.732,0.5,1.6,2.1,1.2,0.8,0.1,1.5,2.0,7.6,0
201,Nik Stauskas,SG,22,PHI,50,29,24.0,2.6,6.9,.382,1.5,4.3,.343,1.1,2.5,.449,.490,0.8,1.2,.712,0.2,2.0,2.3,1.8,0.6,0.3,1.2,1.5,7.6,0
202,Festus Ezeli,C,26,GSW,40,11,17.8,2.9,5.3,.557,0.0,0.0,.000,2.9,5.3,.557,.557,1.7,3.1,.532,2.1,3.8,5.9,0.8,0.4,1.2,0.9,2.3,7.5,1
203,Andre Iguodala,SG,32,GSW,54,1,27.2,2.9,6.0,.477,0.9,2.6,.355,1.9,3.4,.568,.553,0.9,1.4,.613,0.9,3.3,4.2,3.5,1.2,0.3,1.3,1.6,7.5,0
204,Frank Kaminsky,C,22,CHO,54,1,21.4,2.6,6.6,.399,0.8,2.4,.318,1.9,4.2,.447,.458,1.4,1.9,.735,0.8,3.2,4.0,1.3,0.4,0.6,0.8,1.6,7.5,0
205,Bobby Portis,PF,20,CHI,35,0,16.9,3.2,7.1,.452,0.3,0.8,.379,2.9,6.3,.461,.474,0.8,1.1,.730,1.8,3.1,4.9,0.6,0.5,0.4,1.0,1.8,7.5,0
206,Corey Brewer,SF,29,HOU,57,12,21.4,2.6,6.9,.374,0.8,2.9,.287,1.8,4.0,.437,.434,1.4,1.7,.811,0.5,2.0,2.5,1.5,1.1,0.2,1.1,2.2,7.4,0
207,Wayne Ellington,SG,28,BRK,56,22,20.4,2.8,7.0,.393,1.1,3.2,.343,1.7,3.8,.437,.472,0.8,0.9,.840,0.2,2.0,2.2,0.9,0.6,0.1,0.6,1.0,7.4,1
208,Danny Green,SG,28,SAS,56,56,25.8,2.7,7.1,.383,1.5,4.3,.354,1.2,2.8,.427,.490,0.4,0.6,.758,0.6,3.3,4.0,1.9,0.8,0.8,1.1,1.6,7.4,0
209,Devin Harris,PG,32,DAL,41,0,19.6,2.6,5.6,.459,0.7,2.1,.337,1.9,3.5,.531,.522,1.5,2.2,.685,0.3,1.8,2.1,2.1,0.9,0.2,1.0,2.0,7.4,0
210,Brandon Jennings,PG,26,TOT,26,1,18.3,2.4,6.5,.375,1.2,3.5,.333,1.3,3.0,.423,.464,1.4,1.9,.755,0.3,1.7,2.1,3.2,0.5,0.1,1.2,1.1,7.4,1
211,Alex Len,C,22,PHO,53,22,19.8,2.8,6.2,.457,0.0,0.1,.250,2.8,6.1,.460,.459,1.7,2.3,.730,2.0,4.3,6.4,0.9,0.5,0.9,1.4,2.7,7.4,0
212,Nick Young,SG,30,LAL,47,0,18.9,2.4,7.0,.352,1.5,4.4,.335,1.0,2.6,.380,.457,1.1,1.3,.833,0.3,1.5,1.8,0.6,0.4,0.1,0.6,0.8,7.4,0
213,Jose Calderon,PG,34,NYK,54,54,27.5,2.8,6.1,.464,1.1,2.8,.399,1.7,3.3,.520,.556,0.5,0.6,.879,0.3,2.8,3.1,4.0,0.9,0.1,1.2,1.7,7.3,0
214,Amir Johnson,PF,28,BOS,55,52,22.9,3.2,5.5,.572,0.2,0.7,.250,3.0,4.9,.616,.587,0.8,1.4,.564,2.2,3.9,6.1,1.7,0.7,1.0,1.2,2.7,7.3,0
215,Steven Adams,C,22,OKC,54,54,25.1,2.8,4.8,.595,0.0,0.0,.000,2.8,4.8,.595,.595,1.6,2.6,.616,2.5,3.9,6.4,0.7,0.4,1.2,1.0,2.9,7.2,0
216,Clint Capela,C,21,HOU,55,35,20.7,3.1,5.3,.571,0.0,0.0,.000,3.1,5.3,.571,.571,1.1,2.7,.391,2.6,4.3,6.8,0.7,0.8,1.2,1.0,2.7,7.2,0
217,David Lee,PF,32,BOS,30,4,15.7,2.9,6.4,.453,0.0,0.0,.000,2.9,6.4,.455,.453,1.3,1.7,.784,1.4,3.0,4.3,1.8,0.4,0.4,1.3,1.7,7.1,1
218,Greivis Vasquez,PG,29,MIL,16,0,22.6,2.4,7.0,.348,0.9,3.4,.259,1.6,3.6,.431,.411,1.4,1.6,.880,0.3,2.1,2.3,4.4,0.4,0.0,1.9,2.1,7.1,1
219,Darrell Arthur,PF,27,DEN,49,10,20.6,3.0,6.6,.460,0.4,1.1,.393,2.6,5.4,.474,.494,0.5,0.7,.765,1.1,2.8,3.9,1.3,0.8,0.7,0.9,2.6,7.0,1
220,Mike Dunleavy,SF,35,CHI,6,5,17.7,2.2,5.7,.382,1.2,2.2,.538,1.0,3.5,.286,.485,1.5,1.5,1.000,0.3,0.8,1.2,1.0,0.2,0.2,0.7,2.5,7.0,0
221,Aaron Brooks,PG,31,CHI,45,0,15.9,2.6,6.8,.382,1.0,2.8,.352,1.6,4.0,.403,.454,0.7,0.9,.786,0.3,1.4,1.7,2.5,0.4,0.2,1.0,2.1,6.9,1
222,J.J. Hickson,C,27,DEN,20,9,15.3,2.8,5.5,.505,0.0,0.0,.000,2.8,5.5,.505,.505,1.4,3.0,.458,1.1,3.3,4.4,0.8,0.5,0.6,0.8,1.8,6.9,0
223,Wesley Johnson,SF,28,LAC,56,6,20.0,2.6,6.0,.427,1.3,3.9,.342,1.2,2.1,.585,.539,0.4,0.6,.611,0.5,2.5,3.0,0.6,1.1,0.7,0.6,2.0,6.9,1
224,P.J. Tucker,SF,30,PHO,57,55,29.9,2.6,6.4,.403,0.8,2.4,.348,1.7,4.0,.436,.468,1.0,1.4,.722,1.6,4.0,5.6,1.9,1.3,0.3,1.3,2.4,6.9,0
225,John Henson,C,25,MIL,42,1,16.7,2.9,4.8,.591,0.0,0.0,.000,2.9,4.8,.591,.591,1.0,2.0,.537,1.5,2.5,3.9,1.0,0.3,2.0,1.1,2.4,6.8,0
226,Thabo Sefolosha,SF,31,ATL,52,10,23.9,2.7,5.3,.504,0.5,1.7,.311,2.2,3.6,.596,.554,0.8,1.3,.632,0.7,3.8,4.5,1.4,1.2,0.5,0.9,1.4,6.8,0
227,David West,PF,35,SAS,55,15,17.0,3.0,5.3,.570,0.0,0.1,.500,3.0,5.2,.571,.574,0.7,1.0,.774,0.8,3.1,3.9,1.9,0.5,0.6,0.9,1.8,6.8,1
228,Tony Allen,SF,34,MEM,47,40,24.5,2.7,6.2,.430,0.2,0.6,.407,2.4,5.7,.432,.449,1.1,1.8,.600,1.6,3.2,4.7,0.9,1.6,0.3,1.0,2.8,6.7,0
229,Boris Diaw,PF,33,SAS,56,1,18.9,2.8,5.3,.524,0.4,1.0,.418,2.4,4.3,.548,.563,0.8,1.0,.724,0.8,2.4,3.3,2.5,0.4,0.3,1.2,1.4,6.7,0
230,Kris Humphries,PF,30,TOT,31,16,17.1,2.4,6.0,.400,0.8,2.5,.342,1.5,3.5,.440,.470,1.1,1.3,.897,1.0,3.4,4.4,0.7,0.2,0.5,0.7,1.6,6.7,0
231,E'Twaun Moore,SG,26,CHI,43,11,19.6,2.8,5.7,.488,0.7,1.5,.455,2.1,4.1,.500,.549,0.4,0.7,.594,0.3,1.7,2.0,1.3,0.6,0.3,0.7,1.5,6.7,1
232,Andrea Bargnani,C,30,BRK,46,0,13.8,2.8,6.1,.455,0.1,0.3,.188,2.7,5.7,.471,.461,1.0,1.2,.825,0.6,1.5,2.1,0.4,0.1,0.2,0.6,1.3,6.6,1
233,Kosta Koufos,PF,26,SAC,54,9,19.4,2.9,5.4,.534,0.0,0.0,.000,2.9,5.4,.534,.534,0.8,1.4,.579,2.2,3.3,5.5,0.4,0.6,0.9,0.7,2.5,6.6,0
234,Shane Larkin,PG,23,BRK,53,5,20.5,2.6,6.0,.435,0.5,1.5,.338,2.1,4.5,.467,.476,0.9,1.1,.807,0.2,2.0,2.2,3.8,1.2,0.2,1.7,1.6,6.6,1
235,Dwight Powell,PF,24,DAL,54,0,16.0,2.4,4.7,.502,0.0,0.2,.167,2.3,4.5,.519,.506,1.8,2.4,.756,1.3,3.2,4.5,0.7,0.5,0.4,0.7,1.9,6.6,1
236,Brandon Bass,PF,30,LAL,50,0,19.4,2.5,4.5,.544,0.0,0.0,.000,2.5,4.5,.547,.544,1.6,1.9,.844,1.6,2.6,4.2,1.2,0.5,0.9,0.7,1.9,6.5,1
237,Ed Davis,PF,26,POR,56,0,21.2,2.5,4.2,.607,0.0,0.0,.000,2.5,4.2,.607,.607,1.5,2.7,.547,2.8,4.4,7.2,1.1,0.6,0.7,0.8,2.5,6.5,0
238,Mike Scott,PF,27,ATL,52,0,14.9,2.5,5.2,.482,0.8,2.1,.398,1.7,3.2,.537,.561,0.7,0.8,.795,0.7,2.0,2.7,1.0,0.3,0.2,0.6,1.3,6.5,0
239,Leandro Barbosa,SG,33,GSW,42,0,14.9,2.5,5.6,.443,0.6,1.6,.348,1.9,4.0,.482,.494,0.8,1.0,.825,0.4,1.1,1.5,1.4,0.8,0.1,0.8,1.6,6.4,1
240,Willie Cauley-Stein,C,22,SAC,41,29,20.4,2.7,4.4,.615,0.0,0.0,.000,2.7,4.4,.615,.615,1.0,1.8,.597,2.1,3.4,5.5,0.4,0.6,1.2,0.7,2.3,6.4,0
241,Roy Hibbert,C,29,LAL,57,57,24.2,2.4,5.4,.442,0.0,0.0,.000,2.4,5.4,.445,.442,1.6,1.9,.826,1.7,3.5,5.2,1.4,0.3,1.5,1.1,3.1,6.4,1
242,Timofey Mozgov,C,29,CLE,52,31,17.7,2.8,5.0,.552,0.0,0.1,.143,2.8,4.9,.563,.554,0.9,1.3,.708,1.4,2.9,4.3,0.4,0.3,0.8,0.9,2.2,6.4,1
243,Patrick Patterson,PF,26,TOR,55,0,24.6,2.4,6.0,.399,1.4,3.9,.354,1.0,2.2,.479,.512,0.3,0.3,.824,0.8,3.5,4.3,1.1,0.7,0.3,0.8,1.6,6.4,0
244,Donald Sloan,PG,28,BRK,37,20,20.8,2.3,5.2,.443,0.7,1.6,.417,1.6,3.6,.455,.508,1.1,1.4,.755,0.4,2.6,3.0,4.0,0.5,0.1,1.4,1.1,6.4,1
245,Jason Smith,C,29,ORL,49,0,14.9,2.9,5.7,.514,0.1,0.3,.308,2.8,5.4,.525,.522,0.5,0.6,.862,0.6,1.8,2.4,0.7,0.4,0.8,0.8,1.9,6.4,1
246,Spencer Hawes,PF,27,CHO,47,6,19.1,2.3,5.5,.408,0.7,2.0,.348,1.6,3.6,.440,.469,1.0,1.2,.839,0.8,3.6,4.4,2.0,0.4,0.4,1.1,2.1,6.2,0
247,Shaun Livingston,PG,30,GSW,52,2,19.1,2.6,4.9,.539,0.0,0.2,.167,2.6,4.7,.558,.543,0.9,1.0,.889,0.5,1.3,1.8,2.8,0.6,0.3,1.0,1.8,6.2,0
248,Jusuf Nurkic,C,21,DEN,19,0,13.7,2.3,6.3,.358,0.0,0.1,.000,2.3,6.2,.364,.358,1.7,2.6,.653,1.7,3.2,4.9,0.8,0.4,1.0,1.2,2.6,6.2,0
249,Marreese Speights,PF,28,GSW,46,0,11.0,2.4,6.2,.389,0.2,0.5,.333,2.2,5.6,.394,.403,1.3,1.6,.819,1.2,2.2,3.3,0.7,0.2,0.3,1.0,1.6,6.2,1
250,Justise Winslow,SF,19,MIA,53,5,28.1,2.4,5.6,.426,0.4,1.8,.247,1.9,3.8,.507,.465,1.0,1.4,.707,1.0,4.2,5.2,1.3,0.8,0.3,1.3,2.4,6.2,0
251,Carl Landry,PF,32,PHI,16,2,11.1,2.5,4.6,.541,0.1,0.2,.333,2.4,4.4,.549,.547,1.0,1.6,.640,0.8,1.6,2.4,0.5,0.3,0.4,0.7,1.3,6.1,0
252,Ty Lawson,PG,28,HOU,50,12,23.2,2.2,5.6,.387,0.6,1.9,.333,1.6,3.8,.413,.441,1.1,1.6,.700,0.4,1.4,1.8,3.6,0.8,0.1,1.6,1.4,6.1,0
253,T.J. McConnell,PG,23,PHI,56,17,20.5,2.7,5.7,.476,0.4,1.2,.343,2.3,4.5,.512,.513,0.3,0.5,.567,0.6,2.9,3.5,4.7,1.3,0.1,2.0,1.5,6.1,0
254,Raul Neto,PG,23,UTA,55,53,20.2,2.4,5.6,.428,0.8,2.1,.404,1.5,3.5,.443,.503,0.5,0.7,.707,0.3,1.3,1.5,2.5,0.8,0.0,1.4,1.7,6.1,0
255,Andrew Nicholson,PF,26,ORL,36,0,15.3,2.4,5.4,.438,0.7,2.0,.352,1.7,3.4,.488,.503,0.7,0.9,.781,0.7,2.9,3.6,0.3,0.2,0.4,0.8,1.3,6.1,1
256,Iman Shumpert,SG,25,CLE,31,0,24.2,2.4,6.1,.386,0.9,2.9,.326,1.4,3.2,.440,.463,0.5,0.7,.682,0.5,2.9,3.5,1.5,1.0,0.4,1.2,2.2,6.1,0
257,Josh Smith,PF,30,TOT,45,4,15.5,2.3,6.4,.362,0.7,2.4,.287,1.6,4.0,.408,.416,0.8,1.3,.567,1.0,2.6,3.6,1.5,0.6,1.0,1.4,2.1,6.1,1
258,Jonathon Simmons,SG,26,SAS,42,0,14.5,2.2,4.3,.505,0.4,0.9,.417,1.8,3.5,.527,.547,1.3,1.6,.768,0.3,1.4,1.7,1.1,0.4,0.1,1.1,2.0,6.0,0
259,Brandan Wright,PF,28,MEM,9,0,17.4,2.4,4.0,.611,0.0,0.0,.000,2.4,4.0,.611,.611,1.1,2.0,.556,0.9,2.2,3.1,0.6,0.2,1.2,0.8,1.3,6.0,0
260,Toney Douglas,PG,29,NOP,35,0,15.8,2.0,5.1,.399,1.0,2.5,.391,1.1,2.6,.407,.494,0.9,1.1,.838,0.3,1.0,1.3,1.8,1.1,0.1,0.6,1.8,5.9,0
261,Randy Foye,SG,32,TOT,55,7,19.7,2.1,6.1,.349,0.9,3.1,.294,1.2,3.1,.405,.423,0.7,0.9,.830,0.3,1.6,1.9,2.1,0.5,0.3,1.1,1.6,5.9,1
262,Richaun Holmes,PF,22,PHI,40,1,13.7,2.4,4.4,.545,0.2,0.9,.167,2.3,3.5,.643,.563,0.9,1.4,.661,1.1,1.3,2.4,0.7,0.3,0.8,0.6,1.7,5.9,0
263,Tyson Chandler,C,33,PHO,46,40,23.1,2.1,4.0,.524,0.0,0.0,.000,2.1,4.0,.527,.524,1.6,2.5,.637,2.5,5.8,8.3,0.9,0.5,0.6,1.2,2.0,5.8,0
264,P.J. Hairston,SF,23,TOT,50,44,19.2,2.0,5.7,.356,1.1,3.5,.307,0.9,2.2,.435,.451,0.7,0.8,.810,0.4,2.2,2.6,0.6,0.5,0.1,0.5,2.2,5.8,1
265,Paul Pierce,SF,38,LAC,51,25,17.8,2.0,5.7,.345,1.1,3.6,.317,0.8,2.2,.391,.444,0.7,0.9,.809,0.2,2.6,2.8,1.1,0.4,0.2,0.8,1.8,5.8,0
266,Jason Terry,SG,38,HOU,47,7,16.8,2.0,4.9,.409,1.3,3.6,.353,0.8,1.4,.554,.537,0.5,0.6,.821,0.2,0.9,1.1,1.3,0.6,0.1,0.7,1.4,5.8,1
267,Trevor Booker,PF,28,UTA,54,2,22.1,2.4,5.1,.464,0.1,0.5,.240,2.3,4.6,.486,.475,0.9,1.3,.676,2.4,3.9,6.4,1.0,0.9,0.5,1.2,2.4,5.7,1
268,Richard Jefferson,SF,35,CLE,51,3,18.5,2.0,4.3,.464,1.0,2.4,.402,1.0,1.9,.541,.575,0.7,1.2,.613,0.2,1.4,1.6,0.8,0.5,0.2,0.6,1.9,5.7,1
269,Larry Nance Jr.,PF,23,LAL,43,22,19.8,2.6,4.7,.542,0.0,0.1,.333,2.5,4.7,.545,.544,0.5,0.7,.688,1.5,3.3,4.9,0.7,0.8,0.3,0.7,2.0,5.7,0
270,Charlie Villanueva,PF,31,DAL,46,4,11.9,2.3,5.9,.385,0.8,3.0,.259,1.5,2.8,.519,.452,0.3,0.4,.889,0.4,2.3,2.7,0.4,0.3,0.2,0.6,1.3,5.7,1
271,Lavoy Allen,PF,26,IND,55,21,21.4,2.6,5.1,.507,0.0,0.0,.000,2.6,5.1,.507,.507,0.5,0.8,.568,2.1,3.5,5.6,1.0,0.4,0.5,0.9,1.8,5.6,0
272,Aron Baynes,C,29,DET,56,0,14.3,2.2,4.5,.490,0.0,0.0,.000,2.2,4.4,.494,.490,1.2,1.7,.716,1.6,2.9,4.5,0.7,0.3,0.6,0.9,1.9,5.6,0
273,Bryce Dejean-Jones,SG,23,NOP,14,11,19.9,2.0,4.9,.406,0.9,2.3,.375,1.1,2.6,.432,.493,0.8,1.5,.524,0.6,2.9,3.4,1.1,0.7,0.1,0.8,1.2,5.6,0
274,Maurice Harkless,SF,22,POR,55,3,17.5,2.2,4.6,.484,0.5,1.6,.284,1.8,3.0,.591,.534,0.7,1.3,.554,1.2,2.1,3.3,0.9,0.6,0.4,0.8,1.3,5.6,1
275,Boban Marjanovic,C,27,SAS,36,1,8.5,1.9,3.1,.616,0.0,0.0,.000,1.9,3.1,.616,.616,1.7,2.3,.747,1.3,2.2,3.5,0.4,0.3,0.4,0.6,1.1,5.6,1
276,Donatas Motiejunas,PF,25,HOU,14,1,13.4,2.2,4.4,.500,0.5,1.2,.412,1.7,3.2,.533,.556,0.6,1.0,.643,0.5,1.6,2.1,1.0,0.4,0.1,1.8,1.8,5.6,1
277,Tiago Splitter,C,31,ATL,36,2,16.1,2.3,4.3,.523,0.0,0.1,.000,2.3,4.3,.529,.523,1.1,1.3,.813,1.3,2.1,3.3,0.8,0.6,0.3,0.7,2.0,5.6,0
278,Cole Aldrich,C,27,LAC,34,2,11.7,2.2,4.0,.548,0.0,0.0,.000,2.2,4.0,.548,.548,1.1,1.8,.639,1.3,2.8,4.1,1.0,0.6,0.8,1.0,2.2,5.5,1
279,JaMychal Green,PF,25,MEM,51,5,15.0,2.1,4.3,.498,0.2,0.4,.500,1.9,3.9,.497,.521,1.1,1.4,.753,1.2,2.8,4.0,0.4,0.4,0.3,0.9,2.3,5.5,0
280,Anthony Morrow,SG,30,OKC,50,5,14.4,2.0,5.0,.403,1.2,3.0,.393,0.8,2.0,.418,.522,0.3,0.4,.810,0.2,0.9,1.0,0.3,0.4,0.1,0.2,1.0,5.5,0
281,Cameron Payne,PG,21,OKC,39,0,12.1,2.2,5.0,.436,0.8,2.1,.383,1.4,2.9,.474,.515,0.3,0.4,.800,0.2,1.5,1.7,2.0,0.7,0.1,0.7,1.4,5.5,0
282,Bismack Biyombo,C,23,TOR,55,18,22.2,1.8,3.4,.524,0.0,0.0,.000,1.8,3.4,.527,.524,1.8,2.8,.652,2.2,5.9,8.1,0.3,0.2,1.5,1.0,2.9,5.4,1
283,Troy Daniels,SG,24,CHO,27,0,10.6,2.0,4.3,.470,1.3,2.6,.500,0.7,1.7,.422,.622,0.1,0.3,.500,0.2,1.1,1.3,0.4,0.2,0.0,0.6,1.0,5.4,1
284,Anthony Tolliver,PF,30,DET,55,4,19.8,1.8,4.7,.380,1.4,3.8,.367,0.4,0.9,.438,.529,0.5,0.7,.641,0.6,2.8,3.4,0.8,0.4,0.2,0.4,1.3,5.4,1
285,Tyler Zeller,C,26,BOS,40,3,10.5,2.2,4.5,.494,0.0,0.0,.000,2.2,4.5,.494,.494,1.0,1.4,.727,1.1,1.8,2.8,0.4,0.2,0.2,0.9,1.6,5.4,1
286,Andrew Bogut,C,31,GSW,47,43,20.9,2.5,4.1,.603,0.0,0.0,.000,2.5,4.1,.603,.603,0.3,0.8,.410,1.8,5.7,7.5,2.1,0.4,1.8,1.1,3.1,5.3,0
287,Ryan Kelly,PF,24,LAL,20,0,13.0,1.8,4.6,.391,0.3,1.5,.172,1.6,3.2,.492,.418,1.4,2.1,.683,0.6,3.2,3.8,0.8,0.4,0.4,0.6,1.0,5.3,1
288,JaVale McGee,C,28,DAL,32,2,11.1,2.4,4.1,.585,0.0,0.0,.000,2.4,4.0,.589,.585,0.6,1.1,.500,1.6,2.5,4.1,0.1,0.2,0.8,0.7,1.5,5.3,0
289,Jordan McRae,PG,24,PHO,7,0,11.7,1.6,3.7,.423,0.4,1.6,.273,1.1,2.1,.533,.481,1.7,2.1,.800,0.3,0.9,1.1,1.4,0.4,0.0,0.9,1.0,5.3,0
290,Tony Snell,SF,24,CHI,53,29,20.5,2.0,5.3,.375,0.9,2.5,.351,1.1,2.9,.395,.456,0.5,0.5,.893,0.3,3.0,3.3,0.9,0.3,0.3,0.8,1.4,5.3,0
291,Amar'e Stoudemire,C,33,MIA,28,13,14.4,2.1,4.1,.517,0.0,0.0,.000,2.1,4.1,.517,.517,1.0,1.5,.707,1.3,3.4,4.6,0.8,0.3,0.8,1.0,1.4,5.3,1
292,Mario Hezonja,SF,20,ORL,52,0,15.0,1.9,4.4,.430,0.7,2.1,.355,1.2,2.4,.496,.513,0.7,0.7,.944,0.4,1.5,1.8,1.1,0.3,0.2,1.1,1.3,5.2,0
293,Rondae Hollis-Jefferson,SF,21,BRK,19,14,22.1,2.1,4.3,.481,0.1,0.3,.200,2.0,4.0,.500,.488,1.1,1.6,.667,1.7,4.4,6.1,1.4,1.4,0.4,1.1,2.2,5.2,0
294,Channing Frye,C,32,TOT,45,29,17.0,1.8,4.2,.434,1.1,2.7,.390,0.8,1.5,.515,.561,0.4,0.5,.905,0.5,2.7,3.2,1.0,0.5,0.4,0.7,1.6,5.1,0
295,James Johnson,PF,28,TOR,43,22,15.6,2.0,4.0,.500,0.3,1.0,.341,1.7,3.0,.550,.541,0.7,1.2,.604,0.5,1.7,2.2,1.0,0.5,0.6,0.9,1.3,5.0,1
296,JaKarr Sampson,SF,22,TOT,48,18,14.7,1.8,4.3,.420,0.1,0.7,.171,1.7,3.5,.471,.434,1.3,2.0,.639,0.6,2.1,2.7,0.6,0.3,0.4,1.1,1.9,5.0,0
297,Lance Stephenson,SF,25,TOT,44,10,16.0,2.0,4.0,.500,0.4,1.1,.404,1.6,2.9,.535,.554,0.6,0.8,.735,0.4,2.1,2.5,1.4,0.6,0.1,1.1,1.8,5.0,1
298,Andre Roberson,SG,24,OKC,45,45,21.7,2.0,4.1,.495,0.4,1.4,.274,1.6,2.7,.607,.541,0.5,0.8,.611,1.1,2.2,3.3,0.8,0.9,0.7,0.6,1.8,4.9,0
299,Brian Roberts,PG,30,TOT,31,0,10.9,1.7,3.8,.454,0.3,0.9,.357,1.4,2.9,.484,.496,1.1,1.2,.919,0.1,0.8,0.9,1.2,0.2,0.0,0.5,0.7,4.9,1
300,Vince Carter,SG,39,MEM,37,0,14.2,1.6,4.4,.373,0.7,2.4,.281,0.9,1.9,.486,.450,0.8,1.0,.861,0.4,1.6,1.9,0.7,0.5,0.2,0.5,1.5,4.8,0
301,Jerian Grant,PG,23,NYK,53,0,15.7,1.7,4.7,.356,0.2,1.1,.161,1.5,3.6,.414,.374,1.3,1.6,.793,0.3,1.4,1.7,2.5,0.5,0.1,1.1,1.3,4.8,0
302,Shelvin Mack,PG,25,TOT,26,1,9.0,2.0,4.5,.444,0.2,1.3,.176,1.8,3.2,.554,.470,0.6,0.8,.727,0.1,0.9,1.0,1.8,0.3,0.0,0.8,0.6,4.8,0
303,Metta World Peace,SF,36,LAL,20,3,17.4,1.6,5.2,.298,0.9,2.6,.333,0.7,2.7,.264,.380,0.8,1.3,.640,0.6,2.0,2.6,0.9,0.6,0.5,0.4,1.9,4.8,1
304,D.J. Augustin,PG,28,TOT,37,0,15.9,1.5,3.8,.387,0.8,1.9,.408,0.7,1.9,.366,.489,0.9,1.2,.791,0.1,1.2,1.3,2.2,0.5,0.1,1.0,1.3,4.7,1
305,Brandon Rush,SG,30,GSW,46,24,15.5,1.7,4.0,.434,1.0,2.3,.421,0.7,1.6,.453,.558,0.3,0.5,.636,0.3,2.3,2.7,0.9,0.3,0.3,0.5,0.8,4.7,1
306,Beno Udrih,PG,33,TOT,44,5,16.1,2.0,4.5,.434,0.3,1.0,.341,1.6,3.5,.461,.472,0.4,0.5,.900,0.2,1.5,1.6,2.6,0.3,0.0,1.2,1.2,4.7,1
307,Jeff Withey,C,25,UTA,40,9,14.2,1.8,3.4,.537,0.0,0.1,.000,1.8,3.4,.545,.537,1.0,1.4,.727,1.2,2.5,3.7,0.4,0.5,1.2,0.7,1.6,4.7,0
308,Alexis Ajinca,C,27,NOP,44,7,12.3,2.0,4.0,.483,0.0,0.0,.000,2.0,4.0,.486,.483,0.7,0.8,.833,1.1,3.0,4.0,0.4,0.3,0.5,0.6,2.1,4.6,0
309,Nemanja Bjelica,PF,27,MIN,46,0,17.9,1.6,3.7,.429,0.7,2.1,.354,0.8,1.6,.527,.529,0.5,0.8,.658,0.7,2.5,3.2,1.3,0.4,0.3,0.7,2.6,4.5,0
310,Trey Lyles,PF,20,UTA,54,29,16.7,1.8,4.2,.423,0.4,0.9,.400,1.4,3.3,.429,.467,0.6,0.9,.660,0.8,3.0,3.8,0.7,0.2,0.2,0.8,1.4,4.5,0
311,Nikola Pekovic,C,30,MIN,12,3,13.0,1.6,4.2,.380,0.0,0.0,.000,1.6,4.2,.380,.380,1.3,1.7,.800,0.6,1.2,1.8,0.9,0.1,0.0,0.8,1.8,4.5,0
312,Ronnie Price,PG,32,PHO,37,3,15.5,1.5,3.9,.396,0.9,2.5,.380,0.6,1.4,.423,.517,0.5,0.5,.895,0.3,0.9,1.2,1.8,1.1,0.2,0.8,2.4,4.5,1
313,Chase Budinger,SF,27,IND,43,2,15.1,1.6,4.0,.404,0.4,1.5,.302,1.2,2.5,.463,.459,0.7,1.0,.705,0.6,1.8,2.4,1.0,0.6,0.2,0.6,0.9,4.4,1
314,Spencer Dinwiddie,PG,22,DET,9,0,12.3,1.6,3.9,.400,0.1,0.8,.143,1.4,3.1,.464,.414,1.2,2.1,.579,0.0,1.0,1.0,1.4,0.2,0.0,0.6,1.8,4.4,0
315,Tim Hardaway,SG,23,ATL,27,0,15.1,1.6,4.1,.375,0.5,2.1,.241,1.0,2.0,.519,.438,0.8,0.8,.955,0.2,1.5,1.7,1.0,0.4,0.1,0.4,0.9,4.4,0
316,Ian Clark,SG,24,GSW,45,1,9.4,1.6,3.6,.456,0.6,1.4,.413,1.0,2.2,.485,.538,0.4,0.5,.870,0.2,0.8,1.0,1.0,0.2,0.2,0.7,0.9,4.3,1
317,Dante Cunningham,SF,28,NOP,54,20,20.5,1.7,3.9,.438,0.6,1.8,.330,1.1,2.1,.532,.514,0.4,0.5,.714,0.7,2.3,3.0,0.6,0.4,0.4,0.3,2.0,4.3,0
318,Joakim Noah,C,30,CHI,29,2,21.9,1.8,4.6,.383,0.0,0.0,.000,1.8,4.6,.386,.383,0.8,1.6,.489,3.0,5.8,8.8,3.8,0.6,1.0,1.8,2.7,4.3,1
319,Kyle O'Quinn,PF,25,NYK,46,1,11.0,1.8,3.8,.469,0.0,0.3,.071,1.8,3.5,.503,.471,0.7,0.9,.721,1.1,2.4,3.5,1.1,0.4,0.7,1.0,1.7,4.3,0
320,Steve Blake,PG,35,DET,33,0,15.7,1.6,4.0,.394,0.9,2.6,.365,0.6,1.4,.447,.511,0.2,0.2,.714,0.2,1.3,1.5,2.9,0.4,0.1,1.4,1.2,4.2,1
321,Willie Reed,PF,25,BRK,28,0,10.0,1.8,3.0,.600,0.0,0.0,.000,1.8,3.0,.600,.600,0.6,1.1,.500,1.0,1.6,2.6,0.2,0.1,0.6,0.5,1.2,4.2,1
322,Kyle Anderson,SF,22,SAS,52,6,14.0,1.6,3.4,.475,0.1,0.4,.300,1.5,3.0,.497,.492,0.8,1.1,.727,0.3,2.0,2.3,1.4,0.5,0.4,0.7,1.1,4.1,0
323,Phil Pressey,PG,24,TOT,16,0,14.1,1.6,4.3,.368,0.3,1.1,.235,1.3,3.2,.412,.397,0.7,1.4,.478,0.1,1.6,1.6,3.8,0.8,0.3,1.6,1.3,4.1,0
324,Jonas Jerebko,PF,28,BOS,57,0,14.1,1.4,3.4,.413,0.5,1.2,.409,0.9,2.3,.415,.482,0.7,0.9,.765,0.9,2.4,3.4,0.8,0.2,0.2,0.6,1.8,4.0,0
325,Shabazz Napier,PG,24,ORL,44,0,12.1,1.4,4.0,.345,0.6,1.9,.329,0.7,2.0,.360,.425,0.7,0.9,.763,0.2,0.9,1.1,2.0,0.5,0.0,1.0,0.8,4.0,0
326,Joseph Young,PG,23,IND,31,0,9.4,1.6,3.9,.402,0.3,1.0,.250,1.3,2.9,.456,.434,0.6,0.7,.783,0.2,0.9,1.1,1.5,0.4,0.0,0.8,0.7,4.0,0
327,Alonzo Gee,SF,28,NOP,56,34,21.4,1.6,3.2,.486,0.3,0.9,.288,1.3,2.3,.566,.528,0.5,0.7,.725,0.7,2.3,3.0,0.9,0.9,0.2,0.7,2.3,3.9,1
328,Joe Ingles,SF,28,UTA,55,0,14.0,1.4,3.4,.418,0.9,2.3,.364,0.6,1.1,.533,.542,0.2,0.2,.750,0.2,1.3,1.6,1.0,0.5,0.1,0.7,1.2,3.9,0
329,Josh McRoberts,PF,28,MIA,28,0,15.7,1.5,3.5,.414,0.3,1.2,.212,1.2,2.4,.515,.449,0.8,1.1,.677,0.6,2.4,3.0,2.0,0.5,0.2,0.9,1.7,3.9,0
330,C.J. Watson,PG,31,ORL,11,0,17.6,1.4,3.8,.357,0.5,1.5,.294,0.9,2.3,.400,.417,0.7,0.9,.800,0.5,1.5,2.0,2.4,1.0,0.0,0.8,1.0,3.9,0
331,Omer Asik,C,29,NOP,48,44,17.3,1.5,2.6,.551,0.0,0.0,.000,1.5,2.6,.551,.551,0.9,1.5,.554,2.0,4.2,6.2,0.3,0.3,0.4,0.9,1.9,3.8,0
332,Anthony Brown,SF,23,LAL,25,8,19.0,1.3,4.0,.317,0.7,2.3,.298,0.6,1.8,.341,.401,0.6,0.7,.824,0.3,1.9,2.2,0.5,0.4,0.2,0.6,1.0,3.8,0
333,Markel Brown,SG,24,BRK,38,4,11.9,1.2,3.4,.359,0.5,1.6,.305,0.8,1.9,.403,.427,0.9,1.2,.756,0.2,1.0,1.2,1.0,0.4,0.1,0.6,1.3,3.8,1
334,Kirk Hinrich,SG,35,CHI,35,7,15.9,1.3,3.4,.398,0.7,1.6,.411,0.7,1.8,.387,.496,0.4,0.5,.938,0.2,1.5,1.7,1.7,0.4,0.0,0.8,1.8,3.8,1
335,Glenn Robinson,PF,22,IND,38,4,11.6,1.4,3.3,.417,0.3,0.8,.333,1.1,2.6,.443,.457,0.7,1.0,.711,0.3,1.3,1.6,0.6,0.4,0.2,0.4,0.5,3.8,0
336,Luke Babbitt,SF,26,NOP,25,5,13.1,1.3,3.4,.381,0.8,2.2,.339,0.5,1.1,.464,.494,0.4,0.5,.692,0.3,2.0,2.2,0.4,0.1,0.1,0.2,1.6,3.7,0
337,Tyus Jones,PG,19,MIN,12,0,11.7,1.4,3.8,.370,0.3,0.7,.500,1.1,3.2,.342,.413,0.5,0.7,.750,0.3,1.3,1.7,1.8,0.4,0.1,0.8,0.8,3.7,0
338,Kelly Oubre,SF,20,WAS,47,9,11.3,1.4,3.3,.416,0.4,1.3,.350,0.9,2.0,.457,.484,0.6,0.8,.711,0.4,1.7,2.1,0.2,0.3,0.1,0.5,1.6,3.7,0
339,Kevin Seraphin,C,26,NYK,35,0,10.4,1.7,4.1,.407,0.0,0.0,.000,1.7,4.1,.410,.407,0.3,0.4,.733,0.7,1.5,2.2,1.1,0.2,0.7,1.0,1.3,3.7,1
340,Noah Vonleh,PF,20,POR,53,42,16.1,1.5,3.6,.425,0.1,0.5,.207,1.4,3.1,.463,.440,0.5,0.6,.824,1.4,2.8,4.2,0.5,0.4,0.3,0.6,2.0,3.7,0
341,Montrezl Harrell,PF,22,HOU,29,1,10.0,1.4,2.2,.651,0.0,0.0,.000,1.4,2.2,.651,.651,0.8,1.4,.524,0.7,1.1,1.7,0.3,0.3,0.2,0.4,1.4,3.6,0
342,Darrun Hilliard,SF,22,DET,25,0,9.2,1.3,3.1,.423,0.4,1.1,.357,0.9,2.0,.460,.487,0.6,0.8,.667,0.2,0.8,1.0,0.6,0.2,0.0,0.6,0.8,3.6,0
343,Kendall Marshall,PG,24,PHI,17,5,13.0,1.4,3.9,.364,0.5,1.5,.346,0.9,2.4,.375,.432,0.3,0.5,.625,0.1,0.8,0.8,2.9,0.5,0.0,1.9,0.9,3.6,0
344,Salah Mejri,C,29,DAL,16,3,10.6,1.4,2.1,.647,0.0,0.0,.000,1.4,2.1,.647,.647,0.8,1.2,.684,1.2,1.9,3.1,0.1,0.2,0.6,0.6,1.4,3.6,0
345,Mike Muscala,PF,24,ATL,43,0,10.8,1.4,2.7,.509,0.2,0.8,.303,1.1,1.9,.590,.552,0.6,0.7,.806,0.6,1.5,2.1,0.6,0.2,0.4,0.6,1.4,3.6,0
346,Sasha Vujacic,SG,31,NYK,40,8,12.5,1.3,4.0,.319,0.6,1.9,.286,0.7,2.1,.349,.388,0.5,0.6,.760,0.4,1.6,2.0,1.2,0.5,0.1,0.7,1.2,3.6,1
347,Christian Wood,PF,20,PHI,14,0,8.1,1.4,3.1,.442,0.3,0.6,.444,1.1,2.4,.441,.488,0.6,0.9,.692,0.7,1.6,2.3,0.2,0.4,0.4,0.1,0.6,3.6,0
348,Jordan Adams,SG,21,MEM,2,0,7.5,1.0,3.0,.333,0.0,0.5,.000,1.0,2.5,.400,.333,1.5,2.5,.600,0.0,1.0,1.0,1.5,1.5,0.0,1.0,1.0,3.5,0
349,Seth Curry,PG,25,SAC,26,0,9.8,1.1,2.5,.446,0.5,1.2,.419,0.6,1.3,.471,.546,0.7,1.0,.760,0.1,0.7,0.8,0.7,0.4,0.0,0.5,0.6,3.5,1
350,Miles Plumlee,C,27,MIL,36,6,10.4,1.6,2.5,.626,0.0,0.0,.000,1.6,2.5,.626,.626,0.3,0.5,.579,1.2,1.6,2.8,0.2,0.3,0.8,0.5,1.1,3.5,1
351,Quincy Acy,PF,25,SAC,32,9,11.3,1.3,2.4,.538,0.2,0.4,.417,1.2,2.1,.561,.571,0.6,0.8,.760,1.2,1.6,2.8,0.3,0.3,0.4,0.3,1.3,3.4,1
352,Tarik Black,C,24,LAL,21,0,12.3,1.5,2.6,.564,0.0,0.0,.000,1.5,2.6,.564,.564,0.5,1.2,.400,1.1,3.0,4.1,0.2,0.3,0.4,0.5,2.1,3.4,1
353,Sean Kilpatrick,SG,26,DEN,8,0,10.3,1.0,2.6,.381,0.5,2.1,.235,0.5,0.5,1.000,.476,0.9,1.0,.875,0.3,0.5,0.8,0.4,0.3,0.0,0.5,0.9,3.4,0
354,Andre Miller,PG,39,MIN,26,0,10.8,1.4,2.2,.621,0.0,0.2,.250,1.3,2.1,.648,.629,0.6,0.7,.789,0.2,0.7,0.9,2.2,0.3,0.0,1.0,1.2,3.4,1
355,John Jenkins,SG,24,DAL,21,1,9.2,1.4,3.3,.414,0.1,0.9,.158,1.2,2.4,.510,.436,0.4,0.4,.889,0.2,0.9,1.0,0.4,0.1,0.0,0.5,0.5,3.3,0
356,James Jones,SF,35,CLE,36,0,9.5,1.1,2.8,.373,0.8,2.1,.355,0.3,0.7,.423,.505,0.4,0.6,.762,0.2,0.9,1.1,0.4,0.2,0.2,0.3,1.2,3.3,1
357,Thomas Robinson,PF,24,BRK,51,0,10.3,1.4,3.2,.438,0.0,0.0,.000,1.4,3.2,.438,.438,0.5,1.0,.490,1.4,2.5,4.0,0.3,0.4,0.6,0.7,1.2,3.3,1
358,Kevin Garnett,PF,39,MIN,38,38,14.6,1.4,3.0,.470,0.0,0.0,.000,1.4,3.0,.474,.470,0.4,0.6,.667,0.4,3.6,3.9,1.6,0.7,0.3,0.4,1.8,3.2,0
359,Chris Johnson,SF,25,UTA,47,1,12.6,1.1,2.8,.392,0.4,1.4,.299,0.7,1.3,.492,.469,0.6,0.7,.794,0.4,1.7,2.1,0.8,0.6,0.3,0.6,1.5,3.2,0
360,Johnny O'Bryant,PF,22,MIL,48,3,14.0,1.4,3.4,.410,0.0,0.0,1.000,1.4,3.3,.406,.413,0.5,0.7,.667,1.1,1.8,2.9,0.6,0.3,0.1,0.6,1.7,3.2,0
361,Tayshaun Prince,SF,35,MIN,55,43,21.0,1.5,3.2,.466,0.1,0.3,.200,1.4,2.9,.491,.474,0.1,0.2,.615,0.4,1.6,2.0,1.0,0.5,0.2,0.4,0.9,3.2,1
362,Rasual Butler,SF,36,SAS,39,0,9.9,1.2,2.5,.495,0.4,1.2,.333,0.8,1.3,.635,.572,0.3,0.4,.688,0.1,1.3,1.4,0.6,0.3,0.5,0.2,0.3,3.1,0
363,Kyle Singler,SF,27,OKC,45,1,13.0,1.1,2.9,.374,0.4,1.4,.313,0.6,1.5,.433,.450,0.4,0.7,.667,0.6,1.3,1.8,0.3,0.5,0.1,0.5,1.6,3.1,0
364,Thanasis Antetokounmpo,SF,23,NYK,2,0,3.0,1.5,2.0,.750,0.0,0.5,.000,1.5,1.5,1.000,.750,0.0,0.0,.000,0.0,0.5,0.5,0.0,0.0,0.0,0.0,1.0,3.0,0
365,Dewayne Dedmon,C,26,ORL,33,4,10.4,1.1,2.3,.480,0.0,0.0,.000,1.1,2.3,.480,.480,0.8,1.1,.730,0.9,2.3,3.2,0.2,0.3,0.8,0.5,1.8,3.0,1
366,Drew Gooden,PF,34,WAS,26,0,11.0,1.2,3.5,.341,0.3,1.3,.200,0.9,2.2,.429,.379,0.3,0.5,.667,1.0,2.1,3.2,0.5,0.3,0.4,0.5,1.4,3.0,0
367,Solomon Hill,SF,24,IND,33,1,11.5,1.1,2.9,.371,0.2,0.8,.179,0.9,2.1,.449,.397,0.6,0.7,.909,0.7,1.5,2.2,0.8,0.5,0.2,0.5,1.0,2.9,1
368,Luc Mbah a Moute,PF,29,LAC,54,40,16.4,1.1,2.7,.421,0.2,0.6,.387,0.9,2.1,.430,.462,0.5,0.8,.581,0.9,1.6,2.4,0.4,0.5,0.3,0.5,1.3,2.9,1
369,Ryan Hollins,C,31,TOT,19,3,10.8,1.1,1.9,.583,0.0,0.0,.000,1.1,1.9,.583,.583,0.6,0.8,.800,1.1,1.2,2.3,0.4,0.1,0.5,0.5,1.7,2.8,0
370,Cory Jefferson,PF,25,PHO,8,0,6.3,1.1,2.8,.409,0.0,0.1,.000,1.1,2.6,.429,.409,0.5,0.8,.667,0.8,1.3,2.0,0.0,0.0,0.1,0.0,1.0,2.8,0
371,Chris McCullough,PF,20,BRK,4,0,10.3,1.3,3.8,.333,0.3,1.0,.250,1.0,2.8,.364,.367,0.0,0.0,.000,0.5,0.5,1.0,0.0,0.5,0.3,0.8,1.5,2.8,0
372,Robert Sacre,C,26,LAL,18,1,12.8,1.1,2.7,.388,0.0,0.0,.000,1.1,2.7,.388,.388,0.7,1.2,.545,1.0,1.3,2.3,0.6,0.1,0.6,0.5,1.8,2.8,1
373,Justin Anderson,SG,22,DAL,35,1,8.4,1.0,2.5,.386,0.3,1.3,.250,0.7,1.3,.523,.449,0.4,0.6,.714,0.1,1.5,1.6,0.3,0.3,0.3,0.4,0.7,2.7,0
374,Caron Butler,SF,35,SAC,9,1,9.6,1.2,2.9,.423,0.1,0.9,.125,1.1,2.0,.556,.442,0.1,0.2,.500,0.3,0.9,1.2,0.3,0.6,0.0,0.2,0.8,2.7,1
375,Marcelo Huertas,PG,32,LAL,30,0,11.4,1.1,2.8,.393,0.3,1.0,.310,0.8,1.8,.436,.446,0.2,0.2,1.000,0.3,1.0,1.4,2.4,0.5,0.1,1.1,1.1,2.7,1
376,Jared Cunningham,SG,24,CLE,40,3,8.9,0.8,2.3,.352,0.3,0.8,.313,0.6,1.5,.373,.407,0.8,1.2,.625,0.1,0.7,0.7,0.5,0.3,0.1,0.5,0.9,2.6,0
377,R.J. Hunter,SG,22,BOS,26,0,9.7,1.0,3.0,.325,0.5,2.0,.235,0.5,1.0,.500,.403,0.2,0.2,.833,0.1,1.1,1.2,0.4,0.5,0.2,0.3,1.1,2.6,0
378,Kostas Papanikolaou,SF,25,DEN,26,6,11.3,0.9,2.5,.364,0.4,1.2,.313,0.5,1.3,.412,.439,0.3,0.5,.643,0.3,1.2,1.5,0.6,0.5,0.2,0.8,0.9,2.6,0
379,Adreian Payne,PF,24,MIN,35,2,9.5,1.1,2.7,.400,0.2,0.7,.333,0.9,2.0,.423,.442,0.2,0.3,.667,0.3,1.8,2.1,0.5,0.3,0.3,0.6,1.5,2.6,0
380,Damjan Rudez,SF,29,MIN,23,0,9.0,0.9,2.0,.444,0.6,1.5,.371,0.3,0.4,.700,.589,0.3,0.3,1.000,0.1,0.4,0.5,0.4,0.0,0.0,0.5,1.0,2.6,1
381,Anderson Varejao,C,33,CLE,31,0,10.0,1.0,2.5,.421,0.0,0.0,.000,1.0,2.4,.427,.421,0.5,0.7,.762,0.8,2.2,2.9,0.6,0.4,0.2,0.5,1.1,2.6,1
382,Rashad Vaughn,SG,19,MIL,49,0,12.1,0.9,3.1,.307,0.5,1.7,.313,0.4,1.4,.299,.393,0.2,0.2,.917,0.2,1.0,1.1,0.5,0.3,0.2,0.4,0.9,2.6,0
383,Sonny Weems,SG,29,PHO,34,0,12.2,1.0,2.6,.393,0.4,1.0,.394,0.6,1.6,.393,.466,0.2,0.4,.538,0.2,1.0,1.2,1.4,0.3,0.0,1.1,1.2,2.6,0
384,Lorenzo Brown,PG,25,PHO,8,0,7.6,1.0,3.1,.320,0.1,1.0,.125,0.9,2.1,.412,.340,0.4,0.5,.750,0.0,0.9,0.9,1.4,0.4,0.1,1.1,0.5,2.5,0
385,Tyler Ennis,PG,21,MIL,24,5,8.7,1.0,2.5,.400,0.2,0.6,.286,0.8,1.9,.435,.433,0.4,0.5,.750,0.1,0.9,1.0,1.0,0.3,0.0,0.6,1.0,2.5,0
386,Tyler Hansbrough,PF,30,CHO,31,0,9.1,0.8,1.9,.414,0.1,0.1,.667,0.7,1.8,.400,.431,0.8,1.5,.553,1.1,1.3,2.4,0.2,0.4,0.2,0.4,1.5,2.5,1
387,Lucas Nogueira,C,23,TOR,19,0,7.3,1.1,1.6,.667,0.1,0.1,.500,1.0,1.5,.679,.683,0.3,0.5,.667,0.5,0.8,1.4,0.2,0.5,0.3,0.3,1.0,2.5,0
388,Jeremy Evans,SF,28,DAL,30,2,8.4,0.9,1.6,.542,0.1,0.5,.250,0.7,1.1,.688,.583,0.5,0.7,.714,0.4,1.4,1.8,0.1,0.2,0.3,0.2,0.6,2.4,0
389,Justin Holiday,SG,26,ATL,26,1,10.1,0.9,2.8,.329,0.4,1.7,.222,0.5,1.1,.500,.397,0.2,0.4,.500,0.2,0.9,1.0,0.4,0.5,0.2,0.5,0.8,2.4,0
390,Ray McCallum,PG,24,SAS,28,3,9.0,1.0,2.3,.415,0.2,0.5,.333,0.8,1.8,.440,.454,0.3,0.4,.900,0.2,0.9,1.1,1.1,0.2,0.1,0.4,0.5,2.4,1
391,Lamar Patterson,SG,24,ATL,35,0,11.3,0.8,2.3,.350,0.3,1.4,.245,0.5,0.9,.516,.425,0.5,0.6,.727,0.1,1.3,1.4,1.1,0.3,0.1,0.7,1.3,2.4,0
392,Kendrick Perkins,C,31,NOP,12,3,9.5,1.2,1.4,.824,0.0,0.0,.000,1.2,1.4,.824,.824,0.1,0.3,.250,0.7,1.5,2.2,0.4,0.1,0.2,0.9,1.1,2.4,1
393,Matt Bonner,C,35,SAS,20,1,5.7,0.9,1.6,.548,0.5,0.9,.529,0.4,0.7,.571,.694,0.2,0.2,.750,0.2,0.8,0.9,0.3,0.3,0.0,0.1,0.4,2.3,1
394,Jarell Eddie,SF,24,WAS,18,0,5.0,0.7,2.2,.333,0.7,1.8,.375,0.1,0.4,.143,.487,0.2,0.2,1.000,0.1,0.7,0.7,0.1,0.1,0.1,0.1,0.2,2.3,0
395,James Michael McAdoo,PF,23,GSW,25,0,5.9,0.9,1.6,.550,0.0,0.0,.000,0.9,1.6,.550,.550,0.5,1.1,.481,0.6,0.7,1.3,0.4,0.3,0.2,0.4,0.7,2.3,1
396,Walter Tavares,C,23,ATL,10,0,6.9,1.0,1.8,.556,0.0,0.0,.000,1.0,1.8,.556,.556,0.3,0.8,.375,0.7,1.3,2.0,0.2,0.1,0.6,0.5,0.8,2.3,0
397,Lou Amundson,PF,33,NYK,22,0,7.4,0.9,2.0,.442,0.0,0.0,.000,0.9,2.0,.442,.442,0.5,1.0,.435,0.8,1.1,1.9,0.4,0.2,0.2,0.4,1.7,2.2,1
398,James Anderson,SG,26,SAC,32,7,11.3,0.8,2.5,.313,0.3,1.2,.263,0.5,1.3,.357,.375,0.3,0.4,.917,0.2,1.1,1.3,0.5,0.3,0.3,0.7,1.0,2.2,1
399,Nick Collison,PF,35,OKC,46,2,12.1,0.9,1.9,.455,0.0,0.0,.000,0.9,1.9,.465,.455,0.5,0.6,.724,1.2,1.7,2.9,0.7,0.3,0.3,0.7,1.9,2.2,0
400,Chris Kaman,C,33,POR,9,2,7.7,1.1,3.3,.333,0.0,0.3,.000,1.1,3.0,.370,.333,0.0,0.0,.000,0.3,0.9,1.2,0.6,0.0,0.0,0.6,0.8,2.2,1
401,Pablo Prigioni,PG,38,LAC,35,1,13.7,0.9,2.1,.405,0.4,1.3,.319,0.4,0.8,.556,.507,0.1,0.1,.750,0.7,1.3,2.0,2.1,1.0,0.0,0.9,1.4,2.2,1
402,Josh Richardson,SG,22,MIA,26,1,12.6,0.7,2.6,.284,0.3,1.1,.241,0.5,1.5,.316,.336,0.4,0.6,.688,0.2,1.2,1.3,0.8,0.4,0.3,0.5,1.5,2.2,0
403,DeJuan Blair,C,26,WAS,29,0,7.5,1.0,2.3,.412,0.0,0.0,.000,1.0,2.3,.418,.412,0.2,0.4,.385,0.7,1.3,2.0,0.4,0.3,0.1,0.5,1.8,2.1,0
404,Chris Copeland,PF,31,MIL,24,1,6.5,0.7,2.1,.333,0.4,1.5,.278,0.3,0.6,.467,.431,0.3,0.3,.857,0.0,0.4,0.4,0.5,0.1,0.0,0.3,0.7,2.1,0
405,Steve Novak,PF,32,TOT,8,0,3.1,0.8,1.6,.462,0.6,1.3,.500,0.1,0.4,.333,.654,0.0,0.0,.000,0.0,0.5,0.5,0.0,0.0,0.0,0.1,0.3,2.1,1
406,Jason Thompson,C,29,GSW,28,1,6.4,0.7,1.5,.476,0.0,0.0,.000,0.7,1.5,.476,.476,0.7,1.1,.625,0.4,1.6,1.9,0.7,0.1,0.3,0.3,1.4,2.1,0
407,Chris Andersen,C,37,TOT,9,1,6.2,0.7,1.3,.500,0.2,0.6,.400,0.4,0.8,.571,.583,0.4,0.7,.667,0.4,1.2,1.7,0.4,0.1,0.4,0.3,0.4,2.0,1
408,Chuck Hayes,C,32,HOU,2,0,12.0,0.5,1.0,.500,0.0,0.0,.000,0.5,1.0,.500,.500,1.0,1.0,1.000,0.0,4.0,4.0,1.0,0.0,0.0,1.5,3.0,2.0,0
409,Tibor Pleiss,C,26,UTA,12,0,6.8,0.9,2.1,.440,0.0,0.2,.000,0.9,1.9,.478,.440,0.2,0.2,1.000,0.5,0.8,1.3,0.2,0.1,0.2,0.7,1.6,2.0,0
410,Luis Montero,SG,22,POR,7,0,3.3,0.7,1.9,.385,0.1,0.7,.200,0.6,1.1,.500,.423,0.3,0.3,1.000,0.0,0.3,0.3,0.1,0.0,0.0,0.3,0.1,1.9,0
411,Kevon Looney,PF,19,GSW,4,0,4.8,0.8,1.3,.600,0.3,0.5,.500,0.5,0.8,.667,.700,0.0,0.0,.000,1.0,1.5,2.5,0.0,0.0,0.0,0.0,0.5,1.8,0
412,Jordan Mickey,PF,21,BOS,6,0,2.2,0.7,1.3,.500,0.0,0.0,.000,0.7,1.3,.500,.500,0.5,0.5,1.000,0.5,0.2,0.7,0.2,0.0,0.5,0.0,0.3,1.8,0
413,Elijah Millsap,SG,28,UTA,20,0,8.7,0.6,2.0,.282,0.1,0.6,.083,0.5,1.4,.370,.295,0.7,0.9,.722,0.3,1.5,1.8,1.0,0.4,0.2,0.5,1.7,1.8,0
414,Udonis Haslem,PF,35,MIA,27,0,8.0,0.6,1.7,.378,0.0,0.3,.143,0.6,1.4,.421,.389,0.4,0.4,.909,0.3,1.9,2.1,0.5,0.2,0.1,0.2,0.7,1.7,1
415,C.J. Wilcox,SG,25,LAC,11,0,4.3,0.6,2.1,.304,0.3,0.7,.375,0.4,1.4,.267,.370,0.2,0.3,.667,0.0,0.3,0.3,0.4,0.3,0.0,0.1,0.4,1.7,0
416,K.J. McDaniels,SG,22,HOU,18,0,4.1,0.5,1.6,.310,0.1,0.4,.250,0.4,1.2,.333,.345,0.4,0.6,.727,0.2,0.6,0.8,0.1,0.2,0.3,0.3,0.8,1.6,0
417,Elliot Williams,PG,26,MEM,5,0,9.0,0.4,2.0,.200,0.2,0.8,.250,0.2,1.2,.167,.250,0.6,0.8,.750,0.2,0.6,0.8,0.8,0.0,0.0,0.2,0.4,1.6,0
418,Cameron Bairstow,C,25,CHI,15,1,5.9,0.5,2.3,.235,0.0,0.3,.000,0.5,2.0,.267,.235,0.4,0.4,1.000,0.3,1.4,1.7,0.3,0.1,0.2,0.2,1.1,1.5,0
419,Anthony Bennett,PF,22,TOR,17,0,4.7,0.4,1.5,.280,0.1,0.8,.154,0.3,0.7,.417,.320,0.5,0.6,.900,0.4,1.0,1.4,0.0,0.3,0.0,0.2,0.5,1.5,1
420,Tim Frazier,PG,25,POR,35,1,7.8,0.6,1.7,.333,0.1,0.5,.176,0.5,1.2,.395,.358,0.2,0.4,.533,0.3,0.8,1.1,1.2,0.3,0.0,0.8,0.9,1.5,0
421,Terry Rozier,PG,21,BOS,20,0,5.6,0.6,2.5,.240,0.1,0.7,.154,0.5,1.9,.270,.260,0.2,0.2,1.000,0.4,0.6,1.0,0.7,0.0,0.0,0.5,0.6,1.5,0
422,Russ Smith,PG,24,MEM,15,0,4.4,0.5,1.5,.318,0.1,0.3,.200,0.4,1.1,.353,.341,0.5,0.9,.615,0.1,0.5,0.6,0.7,0.3,0.1,0.5,0.3,1.5,0
423,Cliff Alexander,PF,20,POR,7,0,4.4,0.7,1.4,.500,0.0,0.0,.000,0.7,1.4,.500,.500,0.0,0.0,.000,0.3,0.6,0.9,0.0,0.1,0.3,0.1,0.0,1.4,0
424,Erick Green,PG,24,TOT,9,0,4.7,0.6,1.4,.385,0.1,0.6,.200,0.4,0.9,.500,.423,0.2,0.2,1.000,0.3,0.3,0.7,0.3,0.1,0.0,0.0,0.4,1.4,0
425,Bryce Cotton,PG,23,PHO,3,0,11.0,0.7,2.7,.250,0.0,1.0,.000,0.7,1.7,.400,.250,0.0,0.0,.000,0.0,0.0,0.0,1.0,1.0,0.0,1.7,0.7,1.3,0
426,James Ennis,SF-PF,25,TOT,11,0,3.6,0.3,0.7,.375,0.2,0.5,.400,0.1,0.3,.333,.500,0.5,0.9,.600,0.2,0.3,0.5,0.3,0.4,0.2,0.2,0.2,1.3,0
427,Mitch McGary,PF,23,OKC,16,0,3.9,0.5,1.1,.471,0.0,0.2,.000,0.5,0.9,.571,.471,0.3,0.6,.400,0.3,0.8,1.0,0.2,0.1,0.1,0.4,0.6,1.3,0
428,Norman Powell,SG,22,TOR,25,4,6.3,0.6,2.1,.264,0.0,0.5,.077,0.5,1.6,.325,.274,0.1,0.2,.600,0.3,0.8,1.1,0.3,0.4,0.0,0.3,0.8,1.3,0
429,Keith Appling,PG,23,ORL,5,0,5.4,0.4,1.6,.250,0.0,0.6,.000,0.4,1.0,.400,.250,0.4,0.4,1.000,0.0,0.2,0.2,0.2,0.2,0.0,0.6,1.0,1.2,0
430,Jeff Ayres,C,28,LAC,5,0,2.8,0.4,0.4,1.000,0.0,0.0,.000,0.4,0.4,1.000,1.000,0.4,0.4,1.000,0.2,0.4,0.6,0.4,0.0,0.6,0.2,0.4,1.2,0
431,Cristiano Felicio,C,23,CHI,10,0,4.0,0.4,0.6,.667,0.0,0.2,.000,0.4,0.4,1.000,.667,0.4,0.8,.500,0.3,0.6,0.9,0.8,0.1,0.1,0.1,0.6,1.2,0
432,Mike Miller,SF,35,DEN,39,1,8.2,0.4,1.2,.333,0.4,1.0,.350,0.1,0.2,.250,.479,0.0,0.0,.000,0.2,1.1,1.2,0.9,0.3,0.1,0.4,1.2,1.2,1
433,James Young,SG,20,BOS,22,0,7.5,0.5,1.4,.323,0.2,1.0,.238,0.2,0.5,.500,.403,0.0,0.2,.250,0.1,0.9,1.0,0.3,0.2,0.0,0.1,0.6,1.2,0
434,Sergey Karasev,SF,22,BRK,24,0,6.0,0.4,1.0,.375,0.1,0.5,.182,0.3,0.5,.538,.417,0.3,0.3,1.000,0.1,0.6,0.8,0.3,0.0,0.0,0.3,0.3,1.1,1
435,Jimmer Fredette,SG,26,TOT,5,0,3.0,0.4,1.0,.400,0.2,0.4,.500,0.2,0.6,.333,.500,0.0,0.0,.000,0.0,0.0,0.0,0.2,0.2,0.0,0.4,0.4,1.0,0
436,Damien Inglis,SF,20,MIL,8,0,5.3,0.3,1.0,.250,0.1,0.6,.200,0.1,0.4,.333,.313,0.4,0.5,.750,0.1,1.0,1.1,0.3,0.3,0.0,0.5,0.6,1.0,0
437,Jarell Martin,PF,21,MEM,2,0,4.5,0.5,2.5,.200,0.0,0.0,.000,0.5,2.5,.200,.200,0.0,0.0,.000,0.0,0.0,0.0,0.0,0.0,0.0,0.0,1.0,1.0,0
438,Jodie Meeks,SG,28,DET,2,0,8.5,0.5,2.5,.200,0.0,0.0,.000,0.5,2.5,.200,.200,0.0,0.0,.000,0.5,0.5,1.0,0.0,0.0,0.0,0.5,1.0,1.0,0
439,Alex Stepheson,PF,28,LAC,2,0,4.5,0.5,0.5,1.000,0.0,0.0,.000,0.5,0.5,1.000,1.000,0.0,0.0,.000,0.5,0.5,1.0,0.0,0.0,0.5,0.0,1.5,1.0,0
440,Jarnell Stokes,C,22,TOT,7,0,2.6,0.4,0.7,.600,0.0,0.0,.000,0.4,0.7,.600,.600,0.1,0.3,.500,0.1,0.4,0.6,0.1,0.1,0.0,0.0,0.1,1.0,0
441,Shayne Whittington,PF,24,IND,4,0,2.5,0.5,0.8,.667,0.0,0.0,.000,0.5,0.8,.667,.667,0.0,0.0,.000,0.3,0.5,0.8,0.5,0.3,0.3,0.5,0.8,1.0,0
442,Delon Wright,PG,23,TOR,15,0,2.9,0.3,1.1,.313,0.1,0.2,.667,0.2,0.9,.231,.375,0.2,0.4,.500,0.1,0.4,0.5,0.3,0.1,0.0,0.2,0.2,1.0,0
443,Eric Moreland,PF,24,SAC,5,0,4.8,0.4,0.6,.667,0.0,0.0,.000,0.4,0.6,.667,.667,0.0,0.4,.000,0.2,1.0,1.2,0.0,0.0,0.8,0.0,0.4,0.8,1
444,Joel Anthony,C,33,DET,13,0,4.0,0.2,0.4,.400,0.0,0.0,.000,0.2,0.4,.400,.400,0.4,0.5,.833,0.5,0.6,1.2,0.1,0.2,0.3,0.1,0.6,0.7,0
445,Branden Dawson,PF,22,LAC,3,0,4.7,0.3,1.0,.333,0.0,0.0,.000,0.3,1.0,.333,.333,0.0,0.0,.000,0.7,0.3,1.0,0.0,0.0,0.3,0.0,0.7,0.7,0
446,Cleanthony Early,SF,24,NYK,10,0,3.4,0.3,0.6,.500,0.1,0.4,.250,0.2,0.2,1.000,.583,0.0,0.0,.000,0.0,0.2,0.2,0.1,0.1,0.1,0.1,0.3,0.7,1
447,Sasha Kaun,C,30,CLE,13,0,3.7,0.2,0.4,.600,0.0,0.0,.000,0.2,0.4,.600,.600,0.2,0.5,.500,0.6,0.2,0.8,0.2,0.2,0.2,0.5,0.8,0.7,0
448,Joe Harris,SG,24,CLE,5,0,3.0,0.2,0.8,.250,0.2,0.8,.250,0.0,0.0,.000,.375,0.0,0.0,.000,0.0,0.6,0.6,0.4,0.0,0.0,0.2,0.2,0.6,0
449,Pat Connaughton,SG,23,POR,22,0,2.9,0.2,1.0,.182,0.1,0.5,.182,0.1,0.5,.182,.227,0.1,0.1,1.000,0.2,0.4,0.6,0.1,0.1,0.0,0.3,0.2,0.5,0
450,Aaron Harrison,SG,21,CHO,13,0,4.2,0.2,0.8,.200,0.1,0.2,.333,0.1,0.5,.143,.250,0.2,0.5,.333,0.2,0.4,0.6,0.0,0.3,0.0,0.2,0.2,0.5,0
451,Reggie Bullock,SF,24,DET,19,0,4.8,0.1,1.0,.053,0.1,0.5,.100,0.0,0.5,.000,.079,0.2,0.2,1.000,0.2,0.3,0.4,0.2,0.1,0.0,0.1,0.3,0.3,0
452,Devyn Marble,SG,23,ORL,8,0,2.5,0.1,0.8,.167,0.0,0.3,.000,0.1,0.5,.250,.167,0.0,0.1,.000,0.1,0.3,0.4,0.0,0.1,0.0,0.1,0.3,0.3,0
453,Bruno Caboclo,SF,20,TOR,3,0,1.3,0.0,0.7,.000,0.0,0.0,.000,0.0,0.7,.000,.000,0.0,0.0,.000,0.0,0.3,0.3,0.0,0.3,0.0,0.3,0.0,0.0,0
454,Sam Dekker,SF,21,HOU,3,0,2.0,0.0,0.0,.000,0.0,0.0,.000,0.0,0.0,.000,.000,0.0,0.0,.000,0.0,0.3,0.3,0.0,0.3,0.0,0.0,0.0,0.0,0
455,J.J. O'Brien,SF,23,UTA,2,0,3.0,0.0,0.5,.000,0.0,0.0,.000,0.0,0.5,.000,.000,0.0,0.0,.000,0.0,0.5,0.5,0.0,0.5,0.0,0.0,0.5,0.0,0
456,Nate Robinson,PG,31,NOP,2,1,11.5,0.0,0.5,.000,0.0,0.5,.000,0.0,0.0,.000,.000,0.0,0.0,.000,0.0,0.0,0.0,2.0,0.5,0.0,0.0,2.5,0.0,0
